portfolio,expected_return,sharpe_ratio,volatility,
["IE00B50W2R13_IE00BH65QH62_IE00BDFB7639",0.026684329737328483,0.38154116576709296,0.01751928844660722]
["IE00B50MZ724_GB00B3X7QG63_IE00B1S75374",0.039016399175277904,0.35344492793292315,0.05380300485988821]
["GB00B5B71H80_GB00B3X7QG63_IE00BDFB7639",0.03235948964224671,0.3089872397747188,0.04000000016589021]
["IE00B523L313_IE00BFRTDB69_IE00B1S74Q32",0.0435077458073278,0.587693436832889,0.040000014180883635]
["GB00B3X7QG63_IE00B50MZ948_IE00B1S75374",0.038855640347017675,0.3513211392928493,0.0536706683377235]
["GB00B3X7QG63_IE00B50MZ948_IE00BFRTDB69",0.02721707875117004,0.18042694076285898,0.040000006211132755]
["GB00B3X7QG63_IE00B3X1NT05_IE00BFRTDB69",0.03483249007917514,0.3708122465818323,0.04000000058224033]
["IE00B523L313_GB00B4M89245_IE00B50W2R13",0.050683762654036735,0.7670939893659993,0.04000000401436696]
["GB00B45Q9038_IE00BFRTDB69_IE00B1S75374",0.023212504084517905,0.08031260121972493,0.04000000044487299]
["IE00B50MZ948_GB00B5B71Q71_IE00B1S75374",0.047254833578791886,0.44066895175914583,0.061848772122453544]
["GB00B5B71H80_IE00B523L313_IE00BFRTDB69",0.0394316261905306,0.48579065304678704,0.04000000014133479]
["IE00B50MZ724_IE00B50W2R13_IE00B1S75374",0.04028243820051318,0.5070609354245187,0.040000001545243136]
["IE00B50MZ724_GB00B45Q9038_IE00BDFB7639",0.04142207557654787,0.5355518280750424,0.04000000458134216]
["GB00B45Q9038_IE00B1S74Q32_IE00B9M1BB17",0.03396941881335821,0.3492354691016565,0.040000000141142446]
["GB00B5B71Q71_GB00B4M89245_IE00B1S75374",0.048951450153722584,0.46552814615545834,0.06219054721570915]
["IE00B50W2R13_IE00BFRTDB69_IE00B9M1BB17",0.02457251525078496,0.2530207515417038,0.01807170053414097]
["IE00B523L313_GB00B45Q9038_IE00B1S74Q32",0.05133167934454584,0.5490209694701991,0.05706827441359965]
["GB00BD3RZ582_GB00B5B71Q71_IE00BFRTDB69",0.04271769129811146,0.567942271756817,0.04000000075331386]
["GB00BD3RZ368_GB00B5B71H80_IE00BDFB7639",0.03170172906819909,0.29254322606831734,0.040000000087051735]
["GB00B5B71Q71_IE00B1S74Q32_IE00B9M1BB17",0.0468809644266272,0.6720241076142485,0.04000000018162632]
["GB00BD3RZ368_GB00B5B71H80_IE00BFRTDB69",0.026303981790952485,0.15759954459360886,0.040000000045737]
["GB00B5B71H80_IE00B50W2R13_IE00BDFB7639",0.029101476317360896,0.43840403541729583,0.020760475684713155]
["IE00B50MZ724_IE00B50W2R13_IE00B9M1BB17",0.03891775621842693,0.4729438862444761,0.040000001625241186]
["GB00B45Q9038_GB00B4M89245_IE00BH65QH62",0.021569831611001285,0.03924578790553524,0.04000000241503306]
["IE00B523L313_GB00B45Q9038_IE00BH65QH62",0.03721768314928749,0.4304420785951813,0.04000000001273164]
["GB00B5B71H80_IE00B50W2R13_IE00BFRTDB69",0.030385471451335938,0.28010955308363544,0.03707646289462691]
["IE00B50MZ724_GB00B3X7QG63_GB00B45Q9038",0.06172735383138871,0.5123251139034701,0.0814470200640033]
["GB00BD3RZ582_GB00B3X7QG63_IE00BDFB7639",0.04295129204622637,0.573782300569865,0.04000000004083739]
["IE00B50MZ724_IE00B50MZ948_IE00B9M1BB17",0.032469221095762064,0.31173037211877946,0.040000019924304596]
["GB00B4M89245_IE00B50W2R13_IE00B1S75374",0.0340189951957389,0.3504748797208657,0.040000000019699763]
["GB00BD3RZ368_GB00B4M89245_IE00BFRTDB69",0.03170109450705316,0.2925272877454607,0.040000010246000486]
["IE00B50W2R13_IE00B1S74Q32_IE00B1S75374",0.0343400807239686,0.36232869891226493,0.0395775459327911]
["GB00B5B71H80_IE00BH65QH62_IE00B9M1BB17",0.023069424194041708,0.07673560462825861,0.040000000116130745]
["IE00B50MZ724_GB00BD3RZ368_GB00B5B71Q71",0.07115865300798188,0.4550620645698219,0.11242126512202912]
["IE00B50MZ724_IE00B3X1NT05_GB00B4M89245",0.06361096671811514,0.5346681022568707,0.08156642697409901]
["IE00B50MZ724_GB00BD3RZ368_IE00B50W2R13",0.04133434005850373,0.5333584902365671,0.04000000084191224]
["GB00B5B71H80_IE00BFRTDB69_IE00B1S74Q32",0.0322474189706468,0.3061854689512768,0.040000000694336436]
["IE00B3X1NT05_GB00B5B71Q71_GB00B4M89245",0.0632418646785384,0.5273473032478583,0.0819988353258238]
["GB00B5B71H80_IE00BDFB7639_IE00B9M1BB17",0.02879807624902927,0.2199519055450471,0.0400000001237879]
["GB00BD3RZ368_GB00B5B71Q71_GB00B45Q9038",0.06975979900007924,0.600888502092717,0.08281036968885336]
["IE00B50MZ724_GB00BD3RZ368_GB00B45Q9038",0.06141067319397594,0.49139322550387865,0.08427196600342444]
["GB00B3X7QG63_GB00B5B71Q71_IE00B9M1BB17",0.04182212022039478,0.545552970365436,0.04000000257679349]
["IE00B50MZ948_IE00B523L313_GB00B45Q9038",0.07851398891279965,0.6100770538403119,0.09591245654047452]
["IE00B50MZ724_GB00B45Q9038_IE00B50W2R13",0.0442140588641941,0.6053511672555366,0.04000002011059579]
["GB00B5B71H80_GB00B3X7QG63_IE00BFRTDB69",0.026965251790151145,0.17413124776100933,0.040000010794792984]
["IE00B50MZ724_IE00B50MZ948_IE00B1S75374",0.0389685984619854,0.2987837673782197,0.06348604085299496]
["GB00B5B71H80_GB00B5B71Q71_IE00B1S75374",0.03969198592885704,0.34624790579013226,0.05687250550705928]
["IE00B50MZ948_GB00B45Q9038_IE00BDFB7639",0.034944743679844494,0.3736185804843386,0.04000000123246266]
["IE00B50MZ724_GB00BD3RZ368_IE00BH65QH62",0.024323998442616065,0.10809995538875476,0.04000000210051774]
["GB00B5B71H80_IE00BH65QH62_IE00BDFB7639",0.025701556231574177,0.14253888523250743,0.04000000576876884]
["IE00B50MZ724_IE00B50W2R13_IE00BDFB7639",0.03578780618111912,0.5420204262241716,0.029127695963601038]
["GB00B3X7QG63_IE00B50W2R13_IE00BH65QH62",0.032798971595337505,0.319972768990013,0.04000019012785737]
["IE00B50W2R13_IE00BFRTDB69_IE00B1S74Q32",0.03109610035204869,0.3397609922045016,0.03265854705701461]
["GB00B5B71H80_GB00B4M89245_IE00BFRTDB69",0.029667383294484654,0.24168458228298445,0.04000000001309672]
["GB00B5B71H80_GB00B4M89245_IE00B9M1BB17",0.03353810930941317,0.33845273267721665,0.040000000006868035]
["GB00BD3RZ582_IE00B523L313_IE00BH65QH62",0.03648941186928907,0.41223529660909053,0.04000000001194815]
["GB00B3X7QG63_IE00B3X1NT05_IE00B9M1BB17",0.03440352758643042,0.3600881852515551,0.040000000489791736]
["IE00B50MZ724_GB00BD3RZ368_IE00B1S75374",0.03826479899230367,0.3330308242712357,0.054844169551788925]
["GB00BD3RZ368_GB00BD3RZ582_IE00B523L313",0.0789879329088516,0.5615661239561793,0.10504182925652153]
["GB00B4M89245_IE00B50W2R13_IE00BH65QH62",0.03128794688581376,0.28219867027378254,0.04000000026528282]
["GB00BD3RZ368_GB00B3X7QG63_IE00B523L313",0.07531092512779711,0.5275296459412658,0.10484894176725629]
["IE00B50MZ724_GB00B4M89245_IE00B1S75374",0.039875994690011726,0.3121940816697536,0.06366550763456506]
["GB00B5B71H80_IE00B3X1NT05_GB00B45Q9038",0.06379923008038448,0.5056045295184526,0.08662744798212092]
["GB00BD3RZ582_GB00B3X7QG63_IE00B50W2R13",0.04681591640337264,0.6703978301085259,0.040000004771840625]
["IE00BDFB7639_IE00BFRTDB69_IE00B1S74Q32",0.028640929818884164,0.27420788607749313,0.031512331547029884]
["IE00B3X1NT05_IE00BDFB7639_IE00B1S75374",0.04054714198467646,0.5136783223305593,0.0400000176987303]
["IE00B50MZ724_GB00B5B71Q71_GB00B45Q9038",0.08730716118976825,0.6965336625521844,0.09663159845447611]
["IE00B3X1NT05_IE00B50W2R13_IE00BDFB7639",0.03666632726484969,0.6116866993162846,0.02724650917451458]
["GB00B5B71H80_GB00B3X7QG63_IE00B3X1NT05",0.06349900877749151,0.3897268515920942,0.11161409227973736]
["IE00B50MZ724_GB00B5B71Q71_IE00BDFB7639",0.04948336981829924,0.7370841464832047,0.04000000537112495]
["IE00B3X1NT05_IE00B50MZ948_IE00BFRTDB69",0.03430529839153459,0.3576324586901078,0.040000000122836374]
["GB00B5B71H80_IE00BFRTDB69_IE00B9M1BB17",0.02607442053039688,0.15186038282440475,0.04000003435669391]
["GB00BD3RZ582_IE00B50MZ948_IE00B1S75374",0.046186931764456304,0.4386237866435848,0.05970248892528753]
["GB00BD3RZ368_IE00B50MZ948_IE00B1S74Q32",0.04257492046109858,0.4193298077059977,0.05383571605509714]
["GB00B3X7QG63_GB00B5B71Q71_IE00BDFB7639",0.048684643807840426,0.7171160178252424,0.040000004315662537]
["IE00B50MZ724_GB00B5B71H80_GB00B45Q9038",0.05946415231564706,0.4457630892834974,0.08853167358266527]
["GB00B5B71H80_GB00B45Q9038_IE00BDFB7639",0.0381320623247792,0.4533014334141038,0.04000001100418988]
["GB00BD3RZ368_GB00B4M89245_IE00B50W2R13",0.04033433194491091,0.508358294706993,0.040000000308111794]
["GB00B5B71H80_GB00BD3RZ582_IE00B1S75374",0.039317573717005436,0.33996772108009815,0.05682178783218691]
["GB00B3X7QG63_IE00B3X1NT05_IE00B1S74Q32",0.04507991182210124,0.4632016212745716,0.05414469783825442]
["IE00B3X1NT05_IE00B523L313_IE00BDFB7639",0.047621252507631336,0.6905312923889424,0.0400000011760128]
["GB00BD3RZ582_IE00B50W2R13_IE00B1S74Q32",0.04831653796715349,0.7079134490644068,0.04000000000646579]
["IE00B50MZ948_IE00B523L313_IE00BFRTDB69",0.040523816148715,0.5130954035802177,0.04000000001073152]
["GB00B5B71Q71_IE00BDFB7639_IE00B1S75374",0.04996893492301878,0.7492233644360692,0.04000000046124564]
["IE00B50MZ724_IE00BDFB7639_IE00B1S75374",0.03767330082752821,0.44183163896698313,0.04000007982418138]
["GB00BD3RZ368_GB00B5B71Q71_GB00B4M89245",0.05981636997224947,0.5487365664068828,0.07256008148493974]
["GB00BD3RZ368_GB00B3X7QG63_IE00B50W2R13",0.03732423338555331,0.4331055232735266,0.04000002875653063]
["GB00B3X7QG63_IE00B3X1NT05_GB00B5B71Q71",0.06421363619398082,0.3961477574834158,0.11160895236376989]
["GB00B5B71H80_GB00B3X7QG63_GB00B4M89245",0.05304050052771031,0.45927065386794,0.07194124041988292]
["IE00B3X1NT05_GB00B5B71Q71_GB00B45Q9038",0.07392996972818598,0.5855335776721651,0.09210397453650536]
["IE00B50MZ724_GB00BD3RZ582_IE00B1S74Q32",0.049588095138084064,0.5252072479334587,0.05633603735383472]
["IE00B3X1NT05_GB00B45Q9038_IE00B50W2R13",0.04720124726044349,0.680031132121585,0.04000000290513183]
["IE00B50MZ724_IE00B523L313_IE00B9M1BB17",0.0427767632643339,0.569418917172505,0.04000001155113309]
["GB00BD3RZ368_IE00B523L313_IE00B50W2R13",0.05018053115862001,0.754511609014381,0.04000008853150035]
["IE00B50MZ948_IE00B523L313_IE00BDFB7639",0.047780371210054004,0.694509004124516,0.040000015903427166]
["IE00B3X1NT05_GB00B4M89245_IE00BFRTDB69",0.03710575222182173,0.4276438032269253,0.04000000021687376]
["IE00B50MZ724_IE00B3X1NT05_IE00B1S75374",0.04321745906967603,0.3880385474592122,0.059832867692394605]
["IE00B50W2R13_IE00BH65QH62_IE00BFRTDB69",0.023343957187900295,0.15164648031945957,0.02205100428876351]
["GB00BD3RZ368_GB00B5B71Q71_IE00BH65QH62",0.03459004395919269,0.3647509284809621,0.04000001869756504]
["IE00B50MZ724_IE00B50W2R13_IE00BFRTDB69",0.03779855299555118,0.44496382477174623,0.0400000000105207]
["GB00BD3RZ368_IE00B523L313_IE00B1S75374",0.03867755214188035,0.34058614733640524,0.05483943574320443]
["IE00B3X1NT05_GB00B5B71Q71_IE00BH65QH62",0.03399815674336058,0.3499537440808768,0.040000019945851784]
["GB00B3X7QG63_GB00B5B71Q71_IE00B1S75374",0.04244275739262135,0.41948419849986274,0.05350084096821753]
["GB00BD3RZ368_IE00BH65QH62_IE00B1S74Q32",0.031602615380372345,0.2900653844844231,0.040000000003431714]
["IE00B50MZ724_GB00BD3RZ368_GB00BD3RZ582",0.06919582343030428,0.4460454826362191,0.11029328923935514]
["GB00B5B71H80_GB00B5B71Q71_IE00BDFB7639",0.048786668148727924,0.7196666807033719,0.04000000127919365]
["GB00BD3RZ582_IE00B3X1NT05_IE00B1S75374",0.045217522924400996,0.4239265907448789,0.05948558895560535]
["GB00B3X7QG63_GB00B4M89245_IE00BFRTDB69",0.03273448109771105,0.31836194162848575,0.04000001078197853]
["GB00B5B71H80_GB00B3X7QG63_IE00B9M1BB17",0.029028169915018123,0.2257042476011015,0.04000000004862143]
["IE00B3X1NT05_IE00B50MZ948_GB00B5B71Q71",0.06386962152968567,0.36247249340407733,0.12102882929872602]
["IE00B50MZ948_GB00B45Q9038_IE00B9M1BB17",0.03093429966759797,0.27335742451551953,0.04000000982953798]
["GB00BD3RZ582_IE00B50MZ948_IE00B523L313",0.08928633263613656,0.6119891031421136,0.113214977653037]
["IE00B3X1NT05_GB00B45Q9038_IE00B1S75374",0.04301141660267993,0.38437914736691237,0.059866454151619695]
["IE00B50MZ724_GB00B3X7QG63_IE00BDFB7639",0.037646158855859445,0.44115388787320203,0.04000000757316541]
["IE00B3X1NT05_GB00B5B71Q71_IE00B1S75374",0.04301141447597842,0.38437911184929,0.05986645415061184]
["GB00BD3RZ582_IE00B50MZ948_IE00BDFB7639",0.043805797685502204,0.5951444483846161,0.040000033185418456]
["GB00BD3RZ368_GB00BD3RZ582_GB00B3X7QG63",0.06855806973542514,0.44532683716447913,0.10903917231803945]
["GB00BD3RZ582_IE00B3X1NT05_IE00B50W2R13",0.04740818212207275,0.6852044792008816,0.040000004311176555]
["GB00BD3RZ582_IE00B3X1NT05_IE00B9M1BB17",0.03784658159630331,0.4461644878348861,0.04000000466847524]
["GB00BD3RZ368_IE00BDFB7639_IE00B1S74Q32",0.037126501236168855,0.4332229924609755,0.0395327614974443]
["IE00B3X1NT05_IE00BDFB7639_IE00B1S74Q32",0.042584840143390125,0.5646209977563046,0.040000000412910505]
["GB00BD3RZ368_GB00B4M89245_IE00BDFB7639",0.03795084959068552,0.44877123930822277,0.04000000004090416]
["GB00BD3RZ582_IE00B523L313_IE00B9M1BB17",0.04369565602282942,0.5923913677474617,0.04000000221632357]
["GB00BD3RZ368_IE00B523L313_GB00B45Q9038",0.0670615249232353,0.5662222567748249,0.08311493297931367]
["GB00BD3RZ368_IE00B50MZ948_IE00B50W2R13",0.036014822897860455,0.40037053136208545,0.040000004104640344]
["GB00B3X7QG63_IE00BFRTDB69_IE00B9M1BB17",0.029272375983386,0.23180935819281873,0.04000000714239177]
["GB00B45Q9038_IE00B50W2R13_IE00BFRTDB69",0.03441082916856007,0.36027027339335216,0.040000050608743856]
["IE00B50MZ724_IE00B50MZ948_IE00B1S74Q32",0.04459454666751054,0.4198790744465752,0.05857530933144875]
["IE00B523L313_IE00BH65QH62_IE00B1S75374",0.03668389589875211,0.41709722494245327,0.04000001654543249]
["GB00BD3RZ368_IE00B50MZ948_GB00B4M89245",0.050368552947689514,0.4236827972513762,0.07167756903207821]
["GB00BD3RZ368_IE00B3X1NT05_IE00B50MZ948",0.051792833429466736,0.30962706668933593,0.10268105359589265]
["GB00B5B71H80_IE00B3X1NT05_IE00B9M1BB17",0.03359274532337364,0.33981863099525217,0.04000000024590633]
["GB00B3X7QG63_IE00B50MZ948_IE00B50W2R13",0.03661436355664158,0.4153590875794964,0.04000000012871205]
["IE00B50MZ724_GB00B5B71Q71_IE00B1S75374",0.048318068614980954,0.4605329846651782,0.061489772845628135]
["IE00B50MZ948_IE00BDFB7639_IE00B9M1BB17",0.024140432978747125,0.10351082446715638,0.040000000000588044]
["GB00BD3RZ582_GB00B5B71Q71_IE00B1S74Q32",0.049636145525050815,0.5258812273407043,0.05635520719177594]
["IE00B50MZ724_GB00BD3RZ582_GB00B5B71Q71",0.08901607609540842,0.5496704854758946,0.12555899928964817]
["GB00B5B71Q71_IE00B50W2R13_IE00BH65QH62",0.048624436524035565,0.7156109128003703,0.04000000001679789]
["IE00BH65QH62_IE00BDFB7639_IE00B1S75374",0.02482891106349322,0.14475633041003758,0.03335889387230817]
["GB00B5B71Q71_IE00BDFB7639_IE00BFRTDB69",0.04848475704302666,0.7121184499474661,0.04000002674432606]
["GB00BD3RZ368_IE00BDFB7639_IE00B1S75374",0.03483442073104517,0.3708580386078534,0.040000267452018574]
["IE00B3X1NT05_GB00B45Q9038_IE00BH65QH62",0.03322775859295663,0.3306939646168486,0.04000000002504638]
["GB00BD3RZ582_GB00B3X7QG63_IE00B1S74Q32",0.04659865767859471,0.49340013163663304,0.05390889862628456]
["GB00BD3RZ582_GB00B3X7QG63_IE00B9M1BB17",0.03750963532924913,0.4377408802698836,0.04000000027060251]
["GB00BD3RZ368_GB00BD3RZ582_IE00B9M1BB17",0.037401081707131356,0.4350270349551451,0.040000000710129546]
["IE00B50W2R13_IE00BH65QH62_IE00B1S75374",0.02767732988081873,0.23140541878788667,0.033176966732382386]
["GB00B5B71H80_IE00B1S75374_IE00B9M1BB17",0.030893604589895495,0.2723401144054235,0.040000000050226005]
["IE00B50MZ948_GB00B45Q9038_IE00BFRTDB69",0.024705712650341244,0.11764279569684086,0.040000006991228014]
["GB00BD3RZ582_IE00BH65QH62_IE00B1S74Q32",0.038662185016777234,0.46655462496506084,0.040000000038955354]
["GB00B3X7QG63_IE00B3X1NT05_IE00B523L313",0.07675992697993611,0.5441588426554838,0.10430764425870367]
["GB00B5B71H80_GB00BD3RZ582_GB00B5B71Q71",0.07120556376876144,0.4246491271305991,0.12058323094824913]
["GB00BD3RZ582_IE00B50MZ948_IE00B1S74Q32",0.04963620517582608,0.5258822857831164,0.0563552071956434]
["IE00B50MZ724_IE00BFRTDB69_IE00B1S75374",0.031126536396969832,0.27816340781277527,0.04000000030363023]
["GB00BD3RZ368_GB00B5B71H80_GB00B3X7QG63",0.052929017067522885,0.2815446732928403,0.11695840905955536]
["GB00B5B71H80_IE00B50W2R13_IE00B1S75374",0.03503579376482696,0.37707352592747695,0.039874965307744294]
["GB00B45Q9038_IE00B1S75374_IE00B9M1BB17",0.02976168221721284,0.24404205490682965,0.04000000008580346]
["GB00BD3RZ368_GB00B5B71Q71_IE00B1S75374",0.042212805955055374,0.4078520264182302,0.05446290447574568]
["GB00B4M89245_IE00BDFB7639_IE00BFRTDB69",0.029712738019851484,0.24281845012299513,0.04000000006149318]
["IE00B50MZ948_GB00B4M89245_IE00B9M1BB17",0.02960606563512192,0.2401516237879879,0.040000002846545]
["IE00B523L313_IE00BDFB7639_IE00B1S74Q32",0.04902004709464221,0.7255008836464275,0.0400000161940328]
["IE00B50MZ724_IE00B3X1NT05_GB00B5B71Q71",0.08015626465776717,0.47020552022705336,0.12793610893534138]
["IE00B50MZ724_IE00B50MZ948_GB00B5B71Q71",0.08149672526286615,0.4787463318339468,0.12845367405174457]
["GB00B3X7QG63_IE00B1S74Q32_IE00B1S75374",0.04049799912533078,0.4159596416277031,0.04927881715908663]
["GB00B3X7QG63_IE00BDFB7639_IE00B1S74Q32",0.03773825805718569,0.44345626932665294,0.04000001642579004]
["GB00BD3RZ368_IE00B50W2R13_IE00BFRTDB69",0.03263460945751811,0.3307830990393739,0.03819605504093237]
["IE00B50MZ724_IE00B3X1NT05_IE00B1S74Q32",0.04720624539267661,0.4788166217270012,0.05681975971207686]
["IE00B50MZ948_GB00B4M89245_IE00B50W2R13",0.03567446445503114,0.39186161134860553,0.04000000000277373]
["GB00B3X7QG63_GB00B45Q9038_IE00B1S75374",0.039016398204621196,0.353444909892451,0.05380300485981721]
["GB00B5B71Q71_GB00B45Q9038_IE00BFRTDB69",0.046097026366444804,0.6524256582757666,0.04000000005428073]
["GB00BD3RZ368_GB00B45Q9038_IE00BH65QH62",0.029065143467579168,0.22662858668656477,0.040000000000514395]
["IE00B50MZ724_IE00B3X1NT05_IE00BH65QH62",0.027309045755550324,0.18272614379038316,0.04000000002153495]
["IE00B50MZ724_GB00BD3RZ582_GB00B4M89245",0.06846472011615634,0.5983977066017871,0.08099081861690342]
["GB00BD3RZ582_IE00B3X1NT05_IE00B50MZ948",0.07044308237486507,0.42090748771266895,0.1198436327397907]
["GB00B5B71H80_IE00B523L313_IE00BDFB7639",0.046640856934551556,0.666021396002373,0.04000000164327549]
["IE00B523L313_IE00B50W2R13_IE00B1S75374",0.04907085000281538,0.7267703074432618,0.040000051880332094]
["GB00B3X7QG63_GB00B5B71Q71_GB00B45Q9038",0.0691148188760614,0.6125829588498173,0.08017660002863797]
["IE00B50MZ724_GB00BD3RZ368_IE00B9M1BB17",0.033161095285318076,0.32902708202089065,0.04000003648478531]
["GB00B3X7QG63_IE00B50MZ948_GB00B45Q9038",0.05722339758380808,0.47024518379292607,0.07915742439629007]
["IE00B50MZ724_IE00BH65QH62_IE00B1S74Q32",0.032356455573938306,0.308911356875994,0.04000000420476139]
["GB00B3X7QG63_IE00B1S75374_IE00B9M1BB17",0.03402028552939471,0.35050675235172374,0.040000044037170925]
["GB00BD3RZ368_IE00B50MZ948_IE00B9M1BB17",0.02862479043172987,0.21561973992532502,0.04000000387124514]
["GB00B5B71H80_IE00B50MZ948_GB00B5B71Q71",0.049950695583823146,0.266271943504316,0.112481605045023]
["GB00BD3RZ368_GB00B4M89245_IE00BH65QH62",0.02881721870161186,0.22043046730050259,0.040000000043513756]
["IE00B50MZ724_IE00B523L313_IE00B50W2R13",0.05104756249568784,0.776189008406577,0.04000000278208624]
["GB00B5B71Q71_GB00B4M89245_IE00BH65QH62",0.03955566167499207,0.48889154146062386,0.040000000033887095]
["GB00B5B71H80_GB00B3X7QG63_IE00BH65QH62",0.019923101958606745,-0.0019224510293941659,0.04000000011313115]
["GB00B5B71H80_GB00BD3RZ582_IE00BH65QH62",0.02987679054633492,0.24691960261608806,0.04000002608821385]
["GB00B5B71H80_GB00BD3RZ582_IE00BDFB7639",0.043509146772944686,0.5877286449690242,0.04000000165753996]
["IE00B3X1NT05_IE00B523L313_GB00B4M89245",0.06866741224898344,0.6060205900548631,0.08030653256282526]
["GB00BD3RZ368_IE00B50W2R13_IE00B1S74Q32",0.038802356717399386,0.489181439142974,0.038436365758971455]
["GB00B5B71H80_GB00B5B71Q71_IE00B50W2R13",0.0527329322975437,0.8183230355675994,0.04000001328917708]
["GB00BD3RZ582_GB00B4M89245_IE00B9M1BB17",0.041767604990371535,0.5441898425889302,0.040000020740582495]
["GB00BD3RZ368_IE00B50W2R13_IE00BH65QH62",0.03202567702420581,0.3006419253524299,0.040000000033623445]
["GB00B3X7QG63_IE00BDFB7639_IE00B9M1BB17",0.03184342345999175,0.29608453362530884,0.04000014223971404]
["IE00B50MZ948_GB00B5B71Q71_GB00B4M89245",0.06950182730527527,0.5799742551401543,0.08535176668025177]
["GB00B3X7QG63_IE00B3X1NT05_GB00B45Q9038",0.0641696810808052,0.5524287872379957,0.07995542973356337]
["IE00B50MZ724_GB00BD3RZ368_IE00B3X1NT05",0.06439133527430062,0.3984266855159901,0.11141657144980328]
["GB00BD3RZ368_IE00B523L313_IE00BDFB7639",0.04641938673136249,0.6604839446244449,0.04000004382602322]
["IE00B3X1NT05_IE00B1S74Q32_IE00B1S75374",0.04375333767678351,0.44944622282622304,0.05285023317676798]
["IE00B50MZ948_IE00BFRTDB69_IE00B9M1BB17",0.020607493258144257,0.01518730796836048,0.04000006185492777]
["GB00B4M89245_IE00B1S74Q32_IE00B1S75374",0.037526335554678714,0.3067760496720436,0.05713071660390404]
["GB00B5B71H80_IE00B3X1NT05_GB00B5B71Q71",0.061959265634119076,0.34054779883571246,0.12321109041835598]
["IE00B523L313_GB00B5B71Q71_IE00BDFB7639",0.05369576847748445,0.8423864366953239,0.040000369200711164]
["GB00B5B71Q71_GB00B45Q9038_IE00B1S74Q32",0.05236272024113002,0.5578593109106855,0.058012333232009744]
["GB00B3X7QG63_GB00B4M89245_IE00BH65QH62",0.030142347909675096,0.25355869767763145,0.040000000010135074]
["GB00BD3RZ582_IE00BFRTDB69_IE00B9M1BB17",0.0400897983326684,0.5022449557245717,0.040000000206444154]
["GB00BD3RZ368_GB00B3X7QG63_GB00B45Q9038",0.060255011754596466,0.4932544221367418,0.08161105090597003]
["IE00B50MZ724_GB00BD3RZ368_IE00B1S74Q32",0.04354583121065035,0.4356220272056662,0.05405105743088119]
["GB00B3X7QG63_GB00B4M89245_IE00B1S75374",0.03901637203327425,0.3534444234548721,0.05380300486110872]
["IE00B50MZ948_GB00B4M89245_IE00BDFB7639",0.03250137140005363,0.3125342848618402,0.04000000001785411]
["GB00B3X7QG63_IE00B523L313_GB00B4M89245",0.056809454020303914,0.5145064179590786,0.07154323587705289]
["GB00BD3RZ368_IE00BDFB7639_IE00BFRTDB69",0.0300803013046923,0.2520072083255487,0.04000005147340998]
["GB00BD3RZ368_IE00B523L313_IE00B1S74Q32",0.04670816390640732,0.49810734616243263,0.05361929333541248]
["IE00B50W2R13_IE00BH65QH62_IE00B1S74Q32",0.031113360432656903,0.34577128776199734,0.03214078446069962]
["GB00B5B71H80_GB00B3X7QG63_IE00B1S75374",0.039016410549597896,0.35344513933387867,0.053803004860774786]
["GB00B3X7QG63_GB00B45Q9038_IE00BH65QH62",0.03065320246814427,0.2663300617023,0.04000000000019626]
["IE00B50MZ948_GB00B4M89245_IE00BH65QH62",0.02056310577097045,0.014077644167667184,0.040000000302874615]
["GB00BD3RZ368_GB00B3X7QG63_IE00BDFB7639",0.0329185912927009,0.3229647823073693,0.0400000000012575]
["GB00B3X7QG63_IE00B50W2R13_IE00B9M1BB17",0.032343355155380546,0.3950075475413155,0.03124840330826717]
["IE00BDFB7639_IE00BFRTDB69_IE00B9M1BB17",0.020059890017312922,0.004375898950092645,0.013686334624261354]
["IE00B50MZ948_GB00B5B71Q71_IE00B50W2R13",0.05338064499700482,0.834515477842904,0.040000031015947984]
["IE00BDFB7639_IE00B1S75374_IE00B9M1BB17",0.025308739461614948,0.19241935377832214,0.027589425685998883]
["IE00B50MZ948_GB00B4M89245_IE00B1S75374",0.033204382980249095,0.20116041099258816,0.06564106185255117]
["GB00BD3RZ368_IE00B3X1NT05_IE00B50W2R13",0.04310342952676344,0.5775851836768477,0.040000038400724525]
["IE00B3X1NT05_GB00B5B71Q71_IE00B9M1BB17",0.041815423097323584,0.5453855745480704,0.04000000021159483]
["GB00B5B71H80_IE00BDFB7639_IE00B1S75374",0.032661944803679455,0.3165486198943847,0.04000000002496951]
["GB00B5B71H80_IE00B50W2R13_IE00BH65QH62",0.029777114998011438,0.24442783081700978,0.04000000722229969]
["IE00B50MZ948_GB00B5B71Q71_IE00BH65QH62",0.03422633619462259,0.3556582950893132,0.04000001234626079]
["IE00B3X1NT05_IE00B50MZ948_GB00B45Q9038",0.06833581856224206,0.5383628521952338,0.08978297511640604]
["GB00BD3RZ368_GB00BD3RZ582_IE00B3X1NT05",0.06952584265644728,0.4458585487944836,0.11107971976842362]
["GB00B5B71H80_IE00B3X1NT05_IE00B523L313",0.08079759187306575,0.5436332218693908,0.11183568153543147]
["IE00B50MZ948_IE00BH65QH62_IE00B1S75374",0.01986545549570465,-0.0033636125760849456,0.040000000372204296]
["IE00B3X1NT05_IE00B523L313_GB00B45Q9038",0.0798225894260122,0.668575535331696,0.08947768242272401]
["IE00B523L313_GB00B5B71Q71_IE00B1S74Q32",0.05499590408569796,0.6229194883687884,0.05618046110154649]
["IE00B523L313_IE00BDFB7639_IE00B1S75374",0.04647812908537988,0.661952873317805,0.040000021380174104]
["GB00BD3RZ582_IE00B50MZ948_GB00B5B71Q71",0.07559534074255024,0.45852146111964215,0.12124915725164656]
["GB00B5B71H80_IE00B523L313_GB00B4M89245",0.05621851039488748,0.47076105189958584,0.0769360809453985]
["GB00BD3RZ582_GB00B45Q9038_IE00BDFB7639",0.047702029806915236,0.6925504881720079,0.040000014843733556]
["IE00B50MZ948_IE00B1S75374_IE00B9M1BB17",0.026526685120538747,0.16316705910035584,0.040000016893878755]
["IE00B50MZ948_GB00B45Q9038_IE00B50W2R13",0.0381133737451677,0.4528342655149089,0.04000000690003292]
["GB00B5B71Q71_GB00B45Q9038_IE00B50W2R13",0.05540385561272079,0.8850963881811903,0.040000000096569344]
["GB00B3X7QG63_GB00B5B71Q71_GB00B4M89245",0.0598250164555493,0.561296713773726,0.07095180762380847]
["IE00B523L313_GB00B4M89245_IE00B1S75374",0.046491098562659657,0.4207058715197434,0.06296821688502735]
["GB00B3X7QG63_IE00BFRTDB69_IE00B1S74Q32",0.03447622625402086,0.3619056560546361,0.040000000032703036]
["IE00B50MZ724_GB00BD3RZ582_IE00BFRTDB69",0.038706060279262544,0.4676514286733741,0.04000000669799639]
["IE00B3X1NT05_IE00B523L313_IE00B9M1BB17",0.0428513233847453,0.5712830719299876,0.040000000888431364]
["IE00B50MZ724_GB00B5B71H80_IE00B1S74Q32",0.04223042925145381,0.40043711916428937,0.055515406008934995]
["IE00B523L313_IE00BDFB7639_IE00BFRTDB69",0.04558602118333953,0.6396505290671061,0.04000000003229152]
["GB00B3X7QG63_GB00B45Q9038_IE00B1S74Q32",0.04434960433498445,0.4478270888708193,0.05437278123657313]
["GB00BD3RZ368_IE00B3X1NT05_GB00B45Q9038",0.06437563070001379,0.5397107733720017,0.08222113192731727]
["GB00B3X7QG63_IE00BH65QH62_IE00B9M1BB17",0.02635432049197406,0.1588580121982348,0.04000000002546089]
["GB00B45Q9038_IE00B50W2R13_IE00BDFB7639",0.03747662162290417,0.43935379377234407,0.03977801459923177]
["IE00B3X1NT05_IE00B50MZ948_GB00B4M89245",0.05984059819378018,0.4942048769295487,0.08061555046017818]
["IE00B50MZ724_IE00B50MZ948_IE00BFRTDB69",0.029786046999734462,0.2446511707011658,0.04000000070176582]
["GB00BD3RZ368_IE00B3X1NT05_IE00BDFB7639",0.0388754575687784,0.4718864386141813,0.040000000051307154]
["IE00B50MZ724_IE00BDFB7639_IE00B9M1BB17",0.03612490150623272,0.40312253765385314,0.04000000000019497]
["IE00B3X1NT05_IE00B50MZ948_IE00B9M1BB17",0.03387197882573689,0.34679946873055795,0.0400000002206306]
["GB00B4M89245_IE00BDFB7639_IE00B1S74Q32",0.03469932658353582,0.36748314657833553,0.040000001960368535]
["IE00B523L313_IE00B50W2R13_IE00B1S74Q32",0.05100762636616915,0.7751905995861983,0.040000003073723055]
["IE00B3X1NT05_IE00BFRTDB69_IE00B1S75374",0.03615451106658489,0.4038627446957319,0.040000003166312394]
["GB00B5B71H80_GB00B5B71Q71_IE00BFRTDB69",0.04274089128305298,0.5685222743055641,0.04000000054673392]
["GB00BD3RZ582_IE00BDFB7639_IE00B1S74Q32",0.04637530325077434,0.6593825190410669,0.04000000377494336]
["GB00B3X7QG63_IE00B523L313_IE00B9M1BB17",0.04204659008772128,0.551164751804738,0.04000000002817989]
["GB00BD3RZ368_IE00B523L313_GB00B4M89245",0.05696329419467536,0.5054178636976913,0.07313412692667397]
["IE00B50MZ724_GB00B3X7QG63_GB00B4M89245",0.05391534226766874,0.4720162049962144,0.07185207183287434]
["GB00BD3RZ582_IE00B523L313_IE00B1S75374",0.04751189987706124,0.46175331716971363,0.059581380044422004]
["IE00B50MZ948_IE00BH65QH62_IE00B9M1BB17",0.01767807468249328,-0.05804813293753333,0.04000000000009282]
["IE00B3X1NT05_IE00B50MZ948_IE00B1S75374",0.042498142597695424,0.37647203058954476,0.05976046231764935]
["IE00B3X1NT05_IE00B50MZ948_IE00B523L313",0.08246693019197848,0.552560429245982,0.11304995234135781]
["GB00B3X7QG63_IE00B3X1NT05_GB00B4M89245",0.05596403556436541,0.5064929055960276,0.07100600061128966]
["GB00BD3RZ368_IE00BH65QH62_IE00B9M1BB17",0.025546646987142957,0.13866616865405215,0.04000000173784905]
["IE00B50MZ948_GB00B5B71Q71_IE00BDFB7639",0.04920348365034091,0.7300868934881113,0.04000001083544511]
["IE00B50MZ724_GB00B3X7QG63_IE00B9M1BB17",0.03349074623870884,0.337268606003907,0.04000000592569994]
["GB00B5B71H80_GB00BD3RZ582_GB00B45Q9038",0.06693323814866067,0.542542726705608,0.08650606825686442]
["GB00B5B71Q71_IE00BH65QH62_IE00B1S75374",0.039479170082107246,0.4869792519080849,0.04000000001187699]
["GB00B4M89245_IE00BDFB7639_IE00B9M1BB17",0.031854689624521516,0.29636721508470876,0.04000000344549975]
["GB00B45Q9038_IE00BH65QH62_IE00B9M1BB17",0.028001172475349265,0.20002907246375248,0.04000004787703631]
["GB00B5B71H80_IE00BFRTDB69_IE00B1S75374",0.028671209559006892,0.2167802329560354,0.04000000111064313]
["GB00BD3RZ368_GB00B5B71H80_GB00BD3RZ582",0.06960790136405531,0.44659282046401416,0.11108083043635192]
["IE00B523L313_GB00B45Q9038_IE00B9M1BB17",0.04432274797672686,0.6080686935116769,0.040000000388541276]
["GB00BD3RZ368_IE00B3X1NT05_IE00BH65QH62",0.02615181627709145,0.15379540685641455,0.04000000001843271]
["GB00B5B71Q71_IE00BH65QH62_IE00BFRTDB69",0.04152762284997617,0.538190534969836,0.04000000269641073]
["IE00B50MZ948_IE00B523L313_IE00B1S74Q32",0.05133167930365096,0.5490209687534414,0.05706827441361648]
["GB00B4M89245_IE00B50W2R13_IE00B1S74Q32",0.03691840200670736,0.422960049845141,0.0400000000305034]
["IE00B50MZ724_IE00B1S74Q32_IE00B1S75374",0.041749616647614826,0.39601987433445535,0.05492051802745224]
["IE00B50MZ724_GB00BD3RZ368_IE00B50MZ948",0.047540084356578735,0.2646924931237749,0.10404558146535914]
["IE00B50MZ724_GB00B4M89245_IE00BH65QH62",0.0281610026570847,0.20402506534854262,0.04000000021145929]
["GB00B45Q9038_IE00B1S74Q32_IE00B1S75374",0.03752633509955404,0.30677604170543743,0.057130716603947224]
["IE00B50MZ948_GB00B4M89245_IE00BFRTDB69",0.02290758803392328,0.07268970084678071,0.04000000000071608]
["GB00BD3RZ368_GB00B5B71H80_GB00B45Q9038",0.058871628517338154,0.46022341058859073,0.08446251890494726]
["GB00BD3RZ582_IE00B3X1NT05_GB00B5B71Q71",0.0903257828067158,0.5465085835371158,0.12868193643282394]
["GB00BD3RZ368_GB00B5B71H80_GB00B4M89245",0.05188045133967475,0.43332980947719507,0.07357087059885856]
["GB00B5B71H80_IE00B50MZ948_IE00BFRTDB69",0.024245168981267252,0.10612922223948887,0.040000000863925085]
["IE00BH65QH62_IE00B1S74Q32_IE00B9M1BB17",0.027556326837238698,0.21830071743285737,0.03461430143747829]
["GB00B5B71H80_GB00BD3RZ582_IE00B3X1NT05",0.0709125365914874,0.4222940544991482,0.12056181243629158]
["IE00B50MZ724_IE00B523L313_IE00B1S74Q32",0.051059796969733784,0.5444185800958057,0.057051316955912756]
["GB00BD3RZ368_GB00B3X7QG63_IE00B3X1NT05",0.06241515357365591,0.3824144417255361,0.11091409985007267]
["GB00BD3RZ368_GB00BD3RZ582_IE00BFRTDB69",0.03812507210031354,0.45312680051165644,0.04000000017621399]
["GB00BD3RZ582_IE00B3X1NT05_GB00B4M89245",0.06715157884683427,0.5840524637239388,0.08073175232614235]
["GB00B3X7QG63_IE00B523L313_IE00BFRTDB69",0.04018299515369311,0.5045748754008034,0.04000000027282567]
["IE00B50MZ724_GB00B4M89245_IE00B50W2R13",0.0426183156776061,0.5654578911147121,0.04000000005839093]
["GB00BD3RZ368_GB00B3X7QG63_GB00B5B71Q71",0.07144335389547458,0.4575082154619618,0.11244247022653014]
["IE00BH65QH62_IE00BFRTDB69_IE00B9M1BB17",0.016432043860335623,-0.19648834228375706,0.01815861489895285]
["IE00BH65QH62_IE00BFRTDB69_IE00B1S75374",0.021234890193648187,0.030872254625847043,0.04000000027903064]
["GB00B5B71Q71_GB00B45Q9038_GB00B4M89245",0.07799725420941868,0.6575971835598878,0.08819571564381073]
["GB00BD3RZ368_GB00B5B71Q71_IE00BDFB7639",0.04858090552006879,0.7145217751488084,0.040000048303799336]
["GB00B5B71H80_IE00BDFB7639_IE00B1S74Q32",0.03523912677574871,0.3898567398498406,0.03908904276380677]
["IE00B50MZ948_IE00B1S74Q32_IE00B9M1BB17",0.030538792336842764,0.26346974851999255,0.04000000909418662]
["IE00B50MZ724_GB00B5B71Q71_IE00BH65QH62",0.03504513870117098,0.37612828875444815,0.04000001901211173]
["IE00B50MZ948_IE00BDFB7639_IE00B1S74Q32",0.03222215575860618,0.30555332064115714,0.04000007505387225]
["GB00BD3RZ582_IE00B50W2R13_IE00BFRTDB69",0.04488483327797911,0.6221208315132437,0.04000000002804819]
["GB00B5B71H80_GB00B45Q9038_IE00B1S75374",0.036317170463325894,0.28583533775808545,0.057085910340224644]
["GB00B4M89245_IE00BFRTDB69_IE00B1S74Q32",0.027932962071471026,0.19832402097289667,0.04000000621485563]
["GB00BD3RZ368_GB00B5B71H80_IE00BH65QH62",0.019024981688755875,-0.02437545777986229,0.04000000000203622]
["GB00B3X7QG63_IE00BDFB7639_IE00BFRTDB69",0.03097549795030674,0.27438633453777656,0.04000016243081403]
["IE00B3X1NT05_IE00B523L313_GB00B5B71Q71",0.09458916106906526,0.6434534970827032,0.11592004924557633]
["GB00BD3RZ368_GB00B5B71H80_GB00B5B71Q71",0.0721280843001941,0.4510935923088071,0.11555935439780876]
["IE00B50MZ724_GB00B5B71H80_IE00B50W2R13",0.04061302395570508,0.5153255748949007,0.04000000186272349]
["IE00B50MZ948_IE00B523L313_GB00B4M89245",0.06783745237447779,0.5582132052728067,0.08569745739192777]
["IE00B50MZ948_IE00BH65QH62_IE00BDFB7639",0.020479504339960743,0.011987608498612334,0.04000000000135547]
["IE00B50MZ724_GB00B45Q9038_IE00B9M1BB17",0.036864823388412,0.42162058408042374,0.040000000059757644]
["IE00B3X1NT05_IE00B50MZ948_IE00B1S74Q32",0.04632272507593263,0.4625545462754005,0.05690728863847408]
["GB00B4M89245_IE00BFRTDB69_IE00B1S75374",0.022105352365780928,0.05263380914451225,0.040000000000008314]
["IE00B50MZ948_GB00B45Q9038_IE00B1S75374",0.03320438287018017,0.20116040931640644,0.0656410618523395]
["GB00BD3RZ368_IE00B3X1NT05_GB00B5B71Q71",0.06287791210146262,0.3787229748203061,0.11321708729661051]
["GB00BD3RZ368_GB00BD3RZ582_IE00B50MZ948",0.054128223650461646,0.3315359244329907,0.10293974539510141]
["IE00B50MZ724_IE00B3X1NT05_IE00B9M1BB17",0.035634174391250883,0.3908543258000329,0.04000000347763726]
["GB00B5B71H80_GB00B45Q9038_GB00B4M89245",0.050047287897605,0.3863582982108138,0.07777052553743753]
["IE00B50MZ948_IE00B523L313_IE00B1S75374",0.0453163306508384,0.40257073634685253,0.0628866640446165]
["GB00BD3RZ368_GB00BD3RZ582_IE00B50W2R13",0.04678028832404134,0.6695072057789404,0.04000000013873446]
["GB00B45Q9038_IE00BDFB7639_IE00B1S74Q32",0.03675163383053816,0.41879009884868945,0.04000007134025055]
["GB00B5B71H80_IE00B523L313_IE00B1S74Q32",0.04625684249671142,0.47780967711945177,0.05495251300686245]
["GB00BD3RZ582_IE00B3X1NT05_IE00B1S74Q32",0.049485862591765045,0.5232692945335812,0.05634930789899954]
["GB00B5B71H80_IE00B50MZ948_GB00B4M89245",0.04841733951377121,0.37442349843994793,0.0758962501877508]
["GB00B3X7QG63_IE00BH65QH62_IE00B1S74Q32",0.031935908629184676,0.29839741387596114,0.04000004046330721]
["IE00BH65QH62_IE00BDFB7639_IE00B1S74Q32",0.028673920588399994,0.2748533262973571,0.031558361345847025]
["GB00BD3RZ368_GB00B45Q9038_IE00BFRTDB69",0.03285740053946827,0.3214350087996341,0.04000000058326847]
["GB00B5B71H80_GB00BD3RZ582_IE00B9M1BB17",0.03755036603321613,0.4387591334062489,0.04000000158849383]
["IE00B523L313_GB00B5B71Q71_IE00B50W2R13",0.05719779823661912,0.9299427379949727,0.040000095400304324]
["GB00BD3RZ368_GB00B4M89245_IE00B1S74Q32",0.0436998069852967,0.4401422335243698,0.05384579161041697]
["GB00B5B71H80_IE00B3X1NT05_IE00B50W2R13",0.04301088043555068,0.5752719676055026,0.040000003009586206]
["GB00BD3RZ368_GB00B5B71H80_IE00B9M1BB17",0.028507888434598515,0.21269720627197797,0.04000000086376027]
["IE00B50MZ724_GB00B45Q9038_IE00BFRTDB69",0.03296681763540404,0.32417044085994273,0.040000000003104316]
["GB00BD3RZ582_GB00B3X7QG63_IE00BH65QH62",0.0303013088465611,0.2575325913525895,0.040000020162331666]
["GB00B5B71H80_GB00B4M89245_IE00BDFB7639",0.036171643395833564,0.40429102197288896,0.040000006225510504]
["GB00B3X7QG63_GB00B4M89245_IE00BDFB7639",0.038867568393199006,0.4716892097765248,0.040000000004532674]
["IE00B50MZ724_IE00B3X1NT05_IE00B523L313",0.0945893819406827,0.6434554025099481,0.11592004923686922]
["IE00B50MZ724_GB00BD3RZ582_IE00B50W2R13",0.04768251765066095,0.692061509063879,0.04000008277892216]
["GB00BD3RZ582_GB00B4M89245_IE00B1S74Q32",0.05002719770902679,0.5334058271894512,0.05629334397646532]
["IE00B50MZ724_GB00B5B71Q71_IE00B1S74Q32",0.051223460286566595,0.5443984617511813,0.05735405678063314]
["IE00B50MZ948_IE00BH65QH62_IE00BFRTDB69",0.01487068689591927,-0.12823282759934235,0.0400000000008347]
["GB00BD3RZ582_IE00B50W2R13_IE00B1S75374",0.04664548490893271,0.6661368666685121,0.04000001537550725]
["GB00B3X7QG63_GB00B5B71Q71_IE00BFRTDB69",0.04374910406078256,0.5937274601175273,0.04000000952639358]
["GB00B3X7QG63_IE00BFRTDB69_IE00B1S75374",0.032023900818720294,0.3005975204317328,0.04000000000482699]
["GB00BD3RZ368_IE00BFRTDB69_IE00B1S74Q32",0.0341579658236269,0.35394914513854075,0.04000000005109568]
["GB00BD3RZ582_GB00B45Q9038_GB00B4M89245",0.06868420378320764,0.6005361592304326,0.08106789746947934]
["GB00B45Q9038_IE00B50W2R13_IE00B1S74Q32",0.03883159988461674,0.4707899970471918,0.04000000000579679]
["GB00BD3RZ582_GB00B4M89245_IE00BFRTDB69",0.04032189980927051,0.5080472880417374,0.04000001631265674]
["IE00B50MZ948_GB00B5B71Q71_IE00B9M1BB17",0.04208986507509682,0.5522466260801069,0.04000000005775055]
["IE00B50MZ724_IE00B50MZ948_IE00B50W2R13",0.041172659162066416,0.529316134640612,0.04000002602686945]
["GB00B5B71H80_GB00BD3RZ582_IE00B523L313",0.08378323088712697,0.5729021968276957,0.1113335421653309]
["GB00B45Q9038_IE00B50W2R13_IE00BH65QH62",0.033567690579457694,0.339192251554408,0.04000000152503889]
["IE00BFRTDB69_IE00B1S74Q32_IE00B9M1BB17",0.027800830715664256,0.23060970647395448,0.033826983412536]
["GB00BD3RZ582_GB00B5B71Q71_IE00B9M1BB17",0.0414651916246305,0.5366297902731206,0.04000000002554028]
["IE00B523L313_GB00B45Q9038_IE00BFRTDB69",0.040932477523129576,0.5233117421625627,0.04000001497506445]
["IE00B3X1NT05_IE00B50W2R13_IE00B9M1BB17",0.03987884834400054,0.5367888916594278,0.03703289813346755]
["GB00B5B71H80_GB00B4M89245_IE00B1S75374",0.036317170777966756,0.28583534326609716,0.05708591034096283]
["IE00B523L313_GB00B4M89245_IE00BDFB7639",0.047916612915128214,0.6979149258813413,0.040000022753309855]
["GB00B5B71H80_IE00BH65QH62_IE00BFRTDB69",0.021570192894831378,0.039254822359881404,0.040000000011109996]
["IE00B50MZ724_IE00B50W2R13_IE00BH65QH62",0.036455312930418385,0.41138282323990477,0.04000000000199861]
["GB00BD3RZ368_GB00B45Q9038_IE00B1S74Q32",0.04346895856776153,0.43406100882265225,0.054068340833973466]
["GB00B5B71H80_GB00B5B71Q71_IE00B1S74Q32",0.04538525972608133,0.45927830202317316,0.055272064049741464]
["IE00BDFB7639_IE00B1S74Q32_IE00B9M1BB17",0.028451207630458965,0.3081823613164551,0.027422749291549805]
["IE00B50MZ948_IE00BDFB7639_IE00B1S75374",0.028455284361423312,0.21138210897778056,0.04000000001093796]
["GB00BD3RZ368_IE00B523L313_IE00B9M1BB17",0.04198388134357759,0.5495969443792319,0.04000000649277321]
["GB00BD3RZ582_IE00B3X1NT05_IE00BFRTDB69",0.03841362971946215,0.4603407413840576,0.04000000013924434]
["IE00B3X1NT05_GB00B4M89245_IE00BH65QH62",0.03222666034759606,0.30566642651104886,0.04000001075405678]
["IE00B523L313_GB00B5B71Q71_GB00B4M89245",0.08038703384906654,0.7303943925225784,0.08267729663217507]
["GB00B5B71Q71_GB00B45Q9038_IE00B9M1BB17",0.046076652766539106,0.6519162187393652,0.040000006161780274]
["IE00B50MZ948_GB00B45Q9038_GB00B4M89245",0.04735443133311169,0.2918098307020316,0.09374060931156028]
["GB00BD3RZ582_GB00B5B71Q71_IE00B1S75374",0.046210423659252806,0.43901671912223567,0.059702563746678226]
["IE00B3X1NT05_IE00B50MZ948_IE00BDFB7639",0.03873566561991637,0.4683914102821824,0.040000019660115176]
["IE00B3X1NT05_IE00BH65QH62_IE00B9M1BB17",0.03171304947215325,0.2928262124266713,0.04000000332991499]
["GB00B5B71H80_IE00B3X1NT05_IE00BH65QH62",0.025125070146362727,0.1281267532717396,0.04000000012092043]
["IE00B50MZ724_IE00B523L313_IE00B1S75374",0.045285604195158945,0.4032905584349292,0.06269823001382951]
["IE00B523L313_GB00B4M89245_IE00BH65QH62",0.03673780052776335,0.41844466615324755,0.040000033174358685]
["IE00B523L313_GB00B5B71Q71_IE00B9M1BB17",0.04733740978338016,0.6834352444545051,0.04000000000760856]
["GB00BD3RZ582_IE00B50W2R13_IE00B9M1BB17",0.045226305499784555,0.6306618447307025,0.039999733154233205]
["GB00BD3RZ368_IE00B50MZ948_IE00BDFB7639",0.031782105349226736,0.29455244007171144,0.04000002629874081]
["GB00BD3RZ582_IE00B1S74Q32_IE00B1S75374",0.046248425201114635,0.4997464235951331,0.05252348783666265]
["GB00B5B71H80_GB00B45Q9038_IE00BH65QH62",0.02718347694739809,0.17958689538531353,0.04000000630327477]
["GB00B5B71H80_GB00B45Q9038_IE00BFRTDB69",0.031195512271239623,0.27988772968361425,0.04000001101832887]
["IE00B50MZ724_GB00BD3RZ582_IE00B9M1BB17",0.03819309178030508,0.4548272861279568,0.04000000073695405]
["GB00B5B71H80_GB00B4M89245_IE00BH65QH62",0.026455252678175705,0.16138130258979946,0.04000000356041076]
["GB00B3X7QG63_GB00B4M89245_IE00B9M1BB17",0.036281464365277606,0.4070366042941404,0.04000000047541668]
["IE00B50W2R13_IE00BDFB7639_IE00BFRTDB69",0.025893632872799364,0.3282648304487744,0.017953896750809748]
["IE00B50MZ724_IE00B523L313_GB00B45Q9038",0.08369971497012174,0.6581634414781898,0.09678403714897406]
["GB00B5B71H80_GB00B3X7QG63_IE00B50MZ948",0.047623437987121785,0.2653434057761272,0.10410448266586261]
["GB00B5B71H80_IE00B523L313_GB00B45Q9038",0.06662426651158367,0.5360847614816164,0.08697181837947564]
["GB00BD3RZ368_IE00BH65QH62_IE00BDFB7639",0.02804498700419346,0.20112467505496434,0.04000000000991864]
["GB00BD3RZ368_GB00BD3RZ582_GB00B45Q9038",0.06707527498540101,0.5736841497527266,0.08205782747473801]
["GB00B5B71H80_IE00B50MZ948_IE00BH65QH62",0.017248418201047597,-0.0687895438572317,0.040000000649272165]
["IE00B50MZ724_IE00B50MZ948_GB00B4M89245",0.05630935024284979,0.4117240584627128,0.08818855613738222]
["IE00B50MZ724_IE00B523L313_IE00BFRTDB69",0.03990828961226282,0.4977072399183816,0.04000000003119818]
["IE00B3X1NT05_GB00B4M89245_IE00B9M1BB17",0.03879676986576659,0.46991922558686117,0.04000000179241899]
["GB00BD3RZ368_GB00B4M89245_IE00B1S75374",0.03826479925759005,0.3330308290966358,0.054844169553714614]
["IE00BH65QH62_IE00BFRTDB69_IE00B1S74Q32",0.02641584973028099,0.16851448218280138,0.03807298724225491]
["IE00B50MZ724_IE00B50MZ948_IE00BH65QH62",0.02222399377014835,0.05559984225754767,0.04000000143609116]
["GB00BD3RZ368_IE00B3X1NT05_IE00B523L313",0.07687331840509953,0.538998671306107,0.10551662078736396]
["IE00B3X1NT05_IE00BFRTDB69_IE00B9M1BB17",0.035911258884301175,0.3977814658928398,0.040000000624935056]
["IE00B3X1NT05_IE00BH65QH62_IE00BFRTDB69",0.03216702910329317,0.3041757273146911,0.04000000003519521]
["IE00B50MZ724_IE00B523L313_GB00B5B71Q71",0.11133400833655152,0.7636181982107684,0.11960690375184349]
["GB00B5B71Q71_IE00BFRTDB69_IE00B9M1BB17",0.045583882487754676,0.6395957625657147,0.04000008127809646]
["GB00B5B71H80_IE00B50MZ948_IE00B1S74Q32",0.041274869130233385,0.38419373810714746,0.05537536669663277]
["IE00B523L313_IE00BH65QH62_IE00B9M1BB17",0.04051707794821187,0.512926946441834,0.04000000017651346]
["IE00B50MZ948_IE00BFRTDB69_IE00B1S75374",0.022519801297629878,0.06299503157409983,0.04000000055029553]
["IE00B3X1NT05_IE00BH65QH62_IE00BDFB7639",0.03547309582122672,0.38682708276433936,0.040000032341719866]
["IE00B3X1NT05_GB00B4M89245_IE00BDFB7639",0.042845451861047414,0.5711362918346667,0.04000000032857436]
["GB00B3X7QG63_IE00B523L313_IE00BDFB7639",0.04647218608725752,0.6618032847885679,0.04000008264648433]
["GB00B5B71Q71_IE00BFRTDB69_IE00B1S75374",0.04387270032343331,0.5968174921204817,0.040000001070032376]
["IE00B3X1NT05_IE00B50W2R13_IE00BH65QH62",0.03924708256375948,0.48117662849737053,0.040000036210953785]
["GB00B5B71H80_IE00B50MZ948_IE00B50W2R13",0.03415922423242249,0.35398058808634497,0.04000000200284625]
["GB00B3X7QG63_GB00B5B71Q71_IE00B50W2R13",0.05249546284733585,0.8123857966338033,0.04000003813703273]
["GB00B5B71H80_GB00BD3RZ582_IE00B1S74Q32",0.045262935047216,0.458419903045976,0.055108722111226305]
["IE00B523L313_IE00BFRTDB69_IE00B1S75374",0.039423242789627146,0.485581069235567,0.04000000004160884]
["GB00BD3RZ582_GB00B3X7QG63_GB00B45Q9038",0.06638779553640345,0.581035780116661,0.07983638378877399]
["GB00B5B71H80_IE00B50MZ948_IE00B9M1BB17",0.026517023349152898,0.1629255551795521,0.04000000700915712]
["IE00B50MZ724_IE00B50MZ948_IE00B523L313",0.08653206498826352,0.5510553779890585,0.12073571485874247]
["IE00B50MZ724_GB00B5B71H80_IE00BFRTDB69",0.03000230413248254,0.25005755391898477,0.04000000790107364]
["GB00BD3RZ582_IE00BFRTDB69_IE00B1S75374",0.039539757996853,0.48849394539460095,0.04000000037066777]
["GB00B3X7QG63_IE00BH65QH62_IE00BDFB7639",0.029000652982973038,0.22501592628840925,0.04000007080137362]
["IE00BH65QH62_IE00BDFB7639_IE00BFRTDB69",0.01883937947484758,-0.06425082888267178,0.01806389964667731]
["GB00B45Q9038_GB00B4M89245_IE00B1S75374",0.033075808899388534,0.19262671837918532,0.06788159508406735]
["GB00B5B71H80_GB00B45Q9038_IE00B9M1BB17",0.034406036612337154,0.3601508942765183,0.040000002335899856]
["GB00BD3RZ582_GB00B5B71Q71_GB00B4M89245",0.06868461407358531,0.6005412201616689,0.08106789748833419]
["GB00BD3RZ368_GB00B5B71H80_IE00B3X1NT05",0.06287792377808879,0.37872307794694726,0.11321708729906146]
["GB00B4M89245_IE00BDFB7639_IE00B1S75374",0.03101244530534604,0.27531109875063847,0.0400000049228691]
["GB00BD3RZ368_IE00B523L313_IE00BH65QH62",0.03405014638701202,0.3512535322273466,0.04000001451350005]
["GB00B3X7QG63_IE00BDFB7639_IE00B1S75374",0.035780238258282054,0.3945057684678276,0.04000001906073257]
["GB00B3X7QG63_GB00B45Q9038_IE00BDFB7639",0.04057791650199742,0.5144479123445213,0.04000000001597163]
["IE00B3X1NT05_IE00B50W2R13_IE00B1S74Q32",0.04477452687092162,0.6193630234892353,0.040000009576535864]
["IE00B523L313_IE00BDFB7639_IE00B9M1BB17",0.04657262670330268,0.6643156673842149,0.040000000011943246]
["IE00B50MZ948_IE00B523L313_IE00B50W2R13",0.05157555258855741,0.789388814707724,0.04000000000031473]
["IE00B523L313_IE00B50W2R13_IE00BDFB7639",0.04717805891885811,0.7632996548419916,0.035606014946363576]
["IE00B3X1NT05_IE00BFRTDB69_IE00B1S74Q32",0.039064640388360196,0.4766159971554985,0.040000001053553086]
["IE00B50MZ724_GB00B5B71H80_GB00B4M89245",0.05119213854554486,0.4017270903297,0.07764509612718741]
["IE00B50W2R13_IE00BDFB7639_IE00B1S74Q32",0.030608895309168646,0.4151169770117493,0.02555639951306635]
["GB00B45Q9038_GB00B4M89245_IE00B1S74Q32",0.04058632240117817,0.33398683329134216,0.061638125665931215]
["GB00BD3RZ582_GB00B4M89245_IE00BH65QH62",0.035715818420080134,0.3928954603792978,0.04000000001249244]
["GB00BD3RZ582_IE00B523L313_IE00BDFB7639",0.04884944682894745,0.7212355406030739,0.04000003494673109]
["IE00B50MZ724_IE00B1S74Q32_IE00B9M1BB17",0.037609617483086284,0.4402403587801718,0.040000007114021574]
["GB00BD3RZ582_IE00B50MZ948_IE00B9M1BB17",0.03829825166934114,0.4574562905782407,0.040000000101018424]
["GB00B5B71Q71_IE00B1S74Q32_IE00B1S75374",0.048361606168750564,0.5263103605292888,0.05388760757099376]
["IE00B523L313_GB00B4M89245_IE00BFRTDB69",0.040051301107903,0.5012825276577861,0.04000000000317497]
["IE00B50MZ724_GB00BD3RZ368_GB00B3X7QG63",0.06027307989683134,0.36103014060420957,0.11155046453858805]
["GB00BD3RZ582_IE00B1S75374_IE00B9M1BB17",0.04049170043100121,0.5122924753922162,0.04000000276270418]
["GB00B3X7QG63_IE00B523L313_GB00B5B71Q71",0.08225907420356965,0.5966533326478749,0.10434714900069601]
["GB00B45Q9038_IE00BDFB7639_IE00B9M1BB17",0.034277321553816166,0.35693248209772177,0.04000006239249273]
["GB00B3X7QG63_GB00B45Q9038_IE00B50W2R13",0.04297465753539921,0.5743657376922077,0.04000004879767205]
["IE00B523L313_IE00B1S74Q32_IE00B9M1BB17",0.04586417381115944,0.6466043345117315,0.04000000066607994]
["GB00BD3RZ368_IE00BFRTDB69_IE00B1S75374",0.030979601865743694,0.2744900463818161,0.04000000003814728]
["GB00BD3RZ368_GB00B3X7QG63_IE00B1S75374",0.038970351539802085,0.3534223865726226,0.05367614576928896]
["IE00B3X1NT05_GB00B4M89245_IE00B1S75374",0.043011416482613696,0.38437914534222484,0.05986645415459756]
["IE00B523L313_GB00B5B71Q71_IE00BFRTDB69",0.04846832142662148,0.711708035596052,0.04000000000390526]
["GB00B3X7QG63_GB00B45Q9038_IE00BFRTDB69",0.03412949351517522,0.35323733755339326,0.04000000003691424]
["GB00BD3RZ368_IE00BH65QH62_IE00B1S75374",0.02851964016702307,0.21299091356425218,0.040000017016937124]
["GB00BD3RZ368_GB00B4M89245_IE00B9M1BB17",0.035489161354963564,0.38722901993460407,0.04000000143992152]
["GB00B5B71Q71_IE00BFRTDB69_IE00B1S74Q32",0.04706017868701304,0.6765044619029288,0.04000000031174353]
["GB00BD3RZ582_IE00BH65QH62_IE00BFRTDB69",0.036529224077665554,0.4132306019029913,0.04000000000374101]
["GB00B5B71H80_GB00B3X7QG63_GB00B45Q9038",0.060330035737023745,0.4932498014147169,0.08176391682541169]
["IE00B50MZ948_IE00B50W2R13_IE00B1S74Q32",0.034732853696336365,0.37314565133482697,0.039482849776310114]
["IE00B523L313_IE00B1S74Q32_IE00B1S75374",0.046944101849904205,0.49779834262272527,0.05412653989152547]
["GB00BD3RZ582_IE00B50MZ948_GB00B45Q9038",0.07526770391374996,0.611358431658293,0.0904014748988377]
["GB00B5B71Q71_GB00B4M89245_IE00B9M1BB17",0.04578204902858609,0.6445511538572303,0.040000004459377445]
["GB00BD3RZ368_GB00B3X7QG63_GB00B4M89245",0.05293784600127022,0.4597324897561729,0.07164567816109618]
["GB00B45Q9038_IE00BFRTDB69_IE00B9M1BB17",0.029833477891219283,0.24583656673734341,0.04000006191806918]
["GB00B5B71H80_GB00B3X7QG63_IE00B1S74Q32",0.043022657971157424,0.42292971048801703,0.054436133003263505]
["GB00BD3RZ582_GB00B5B71Q71_IE00B50W2R13",0.05268677880378808,0.8171687601964057,0.04000003474916471]
["IE00B50MZ724_GB00B5B71H80_IE00B523L313",0.07841984838551665,0.5157779766032354,0.11326549607692221]
["GB00B5B71H80_IE00B523L313_IE00B9M1BB17",0.04213684620638471,0.5534211551392479,0.040000000001472275]
["GB00BD3RZ582_GB00B5B71Q71_IE00BDFB7639",0.0486950744921254,0.7173768615149569,0.040000000043947784]
["GB00BD3RZ582_IE00B3X1NT05_IE00BDFB7639",0.04343006480264776,0.5857516190755163,0.04000000006765172]
["GB00BD3RZ368_IE00B50W2R13_IE00B9M1BB17",0.031449998023484825,0.3855146488905159,0.029700552382217162]
["GB00B45Q9038_IE00BH65QH62_IE00BDFB7639",0.03109868025834732,0.27746700519526174,0.04000000018213643]
["GB00B5B71Q71_IE00BDFB7639_IE00B1S74Q32",0.05181028542141959,0.7952571355171294,0.04000000000092349]
["IE00B50MZ724_GB00BD3RZ582_GB00B3X7QG63",0.06930577596383124,0.4532097287283044,0.10879240413082494]
["GB00BD3RZ582_IE00B523L313_GB00B45Q9038",0.08368489442085655,0.711880125422851,0.08946013822626141]
["IE00B3X1NT05_IE00B523L313_IE00B1S74Q32",0.050902316054893225,0.5518358945953132,0.05599910472941475]
["IE00BH65QH62_IE00B1S74Q32_IE00B1S75374",0.02607098317831164,0.15177457410714817,0.04000000141015524]
["GB00B45Q9038_IE00B50W2R13_IE00B9M1BB17",0.0363505041874498,0.40876259356346967,0.04000000108843377]
["GB00B3X7QG63_IE00B50W2R13_IE00BDFB7639",0.03144437295228722,0.45949222862311523,0.024906564767331732]
["GB00B3X7QG63_IE00B3X1NT05_IE00B50W2R13",0.04325949528457655,0.5814871782922882,0.04000001402074771]
["GB00B4M89245_IE00B50W2R13_IE00BFRTDB69",0.0319627104887351,0.2990677493776171,0.040000001717438324]
["GB00B5B71Q71_IE00B1S75374_IE00B9M1BB17",0.044757316333740055,0.6189329060652067,0.04000000014724017]
["GB00B5B71H80_IE00B50MZ948_IE00B523L313",0.06297200338121656,0.395100065666873,0.10876232912967476]
["IE00B3X1NT05_IE00B523L313_IE00B1S75374",0.045301696694574276,0.42429884140839347,0.05963178360466236]
["GB00BD3RZ368_GB00BD3RZ582_GB00B4M89245",0.05793977008870545,0.5252365420079704,0.07223368340607518]
["GB00B4M89245_IE00B50W2R13_IE00B9M1BB17",0.03348426758855996,0.34712608081593826,0.0388454464639029]
["GB00B45Q9038_GB00B4M89245_IE00BDFB7639",0.03487494907025984,0.3718737266838955,0.04000000000780916]
["IE00B50MZ724_IE00B523L313_IE00BDFB7639",0.0471187577532982,0.6779688956381351,0.040000002843453154]
["IE00B3X1NT05_GB00B5B71Q71_IE00B50W2R13",0.05308855505915241,0.8272138560520177,0.040000000987739384]
["GB00BD3RZ582_IE00B1S74Q32_IE00B9M1BB17",0.04272304548543785,0.5680761260141396,0.04000000078312086]
["GB00B3X7QG63_IE00B50MZ948_IE00B1S74Q32",0.04298679239472069,0.4233539448773304,0.05429686595073837]
["GB00B5B71Q71_IE00B50W2R13_IE00BFRTDB69",0.05061353956633295,0.7653368120464374,0.040000087653532926]
["GB00BD3RZ582_IE00B50MZ948_IE00B50W2R13",0.04804403294071034,0.7011007558476073,0.04000000386079465]
["IE00B3X1NT05_GB00B45Q9038_GB00B4M89245",0.06324186473375044,0.5273473039212414,0.0819988353258151]
["IE00B50MZ724_GB00B5B71H80_GB00BD3RZ582",0.07120099252054085,0.42981917267915537,0.11912216991483662]
["IE00BH65QH62_IE00BDFB7639_IE00B9M1BB17",0.021241161859394574,0.0938666630562232,0.013222605544751886]
["IE00B523L313_GB00B5B71Q71_IE00B1S75374",0.052072196167064246,0.5264171231086546,0.06092544250397497]
["IE00B50MZ724_IE00BFRTDB69_IE00B1S74Q32",0.03529614035821579,0.3824035083786444,0.04000000006032897]
["GB00B3X7QG63_GB00B45Q9038_GB00B4M89245",0.0531672316582705,0.46096803190904256,0.07195126204503266]
["IE00B523L313_IE00BFRTDB69_IE00B9M1BB17",0.043607870752237696,0.5901967014198543,0.04000000456702574]
["IE00B50W2R13_IE00BH65QH62_IE00B9M1BB17",0.02584204733914464,0.32983184597438475,0.017712199141614548]
["GB00B5B71H80_GB00B3X7QG63_GB00B5B71Q71",0.07341015943393811,0.47065497337497003,0.11348049517238676]
["GB00B4M89245_IE00BH65QH62_IE00B9M1BB17",0.026577644550959387,0.16444110540952886,0.04000000203463867]
["GB00BD3RZ368_GB00B3X7QG63_IE00B50MZ948",0.0473657288555384,0.2668451761041876,0.10255283327607789]
["IE00B3X1NT05_IE00B523L313_IE00BH65QH62",0.035195982615447416,0.37989956144603254,0.04000000041486258]
["IE00B50MZ948_IE00B523L313_IE00B9M1BB17",0.043155653847696804,0.5788913461919076,0.04000000000003541]
["IE00B50MZ724_GB00B5B71H80_GB00B3X7QG63",0.061267908760847326,0.3673318858640741,0.11234502189694993]
["GB00BD3RZ582_GB00B4M89245_IE00B50W2R13",0.04866795832927915,0.7166989487148511,0.04000000053116459]
["GB00BD3RZ582_GB00B45Q9038_IE00BH65QH62",0.03633780032993053,0.40844493172228186,0.04000000749437444]
["GB00BD3RZ582_GB00B3X7QG63_IE00B523L313",0.07869408919797996,0.5651307703934692,0.10385930526684031]
["GB00B3X7QG63_GB00B4M89245_IE00B50W2R13",0.041046376680395014,0.526159416451629,0.04000000004243933]
["IE00B50MZ724_GB00B5B71Q71_IE00B9M1BB17",0.042429200144653206,0.5607299483565567,0.040000003941988375]
["GB00B5B71H80_GB00B45Q9038_IE00B1S74Q32",0.04205881875742738,0.3972605855145437,0.05552732780891451]
["GB00B45Q9038_IE00BDFB7639_IE00BFRTDB69",0.03224362218583254,0.30609020737452025,0.04000004538156203]
["GB00B3X7QG63_IE00B523L313_IE00B1S74Q32",0.04741983394522045,0.5085868738244107,0.05391376647028277]
["IE00B50MZ724_IE00BDFB7639_IE00B1S74Q32",0.040409716555368104,0.5102429132617881,0.04000000004879359]
["IE00B523L313_GB00B45Q9038_IE00B50W2R13",0.05170327879566706,0.7925819696239063,0.04000000001351382]
["GB00BD3RZ368_IE00B50MZ948_IE00BFRTDB69",0.026532164805127698,0.16330407374063877,0.04000001136225266]
["IE00B3X1NT05_IE00BDFB7639_IE00BFRTDB69",0.03814639292765983,0.45365982298654006,0.040000000018071316]
["GB00B3X7QG63_GB00B5B71Q71_IE00B1S74Q32",0.04770545443384966,0.51300760647936,0.05400593301917122]
["GB00B3X7QG63_IE00BH65QH62_IE00BFRTDB69",0.025087419676076254,0.12718539123298342,0.04000003166053017]
["IE00BDFB7639_IE00BFRTDB69_IE00B1S75374",0.025028415223095797,0.1497054360785093,0.03358872833755194]
["IE00B50MZ724_GB00BD3RZ582_GB00B45Q9038",0.07967815290656691,0.6539708490171937,0.09125506587373575]
["GB00BD3RZ368_IE00BH65QH62_IE00BFRTDB69",0.02408828764851116,0.10220719048498349,0.040000000284831444]
["IE00B523L313_IE00BH65QH62_IE00BFRTDB69",0.03896480828036557,0.4741201589236944,0.04000000405681504]
["IE00B50MZ724_GB00B4M89245_IE00B9M1BB17",0.036232817127427513,0.40582042555113673,0.04000000025967654]
["IE00B50W2R13_IE00BDFB7639_IE00B1S75374",0.028110591587313147,0.33374520856257106,0.024301746899214466]
["GB00B4M89245_IE00BH65QH62_IE00B1S75374",0.01992131997701936,-0.0019670004218281445,0.040000003104988434]
["GB00B5B71H80_IE00B523L313_IE00B50W2R13",0.050473141866037755,0.761828266789894,0.04000001469418041]
["IE00B50MZ948_IE00BH65QH62_IE00B1S74Q32",0.02520130831681329,0.1300326262940982,0.04000002510946256]
["IE00B50MZ948_IE00B50W2R13_IE00BH65QH62",0.024800850015657745,0.12002125038009054,0.04000000000378369]
["GB00BD3RZ368_GB00B5B71H80_IE00B50MZ948",0.04611644250649122,0.25091158384061013,0.10408623670034106]
["GB00B3X7QG63_IE00B523L313_IE00BH65QH62",0.03430068740966923,0.3575170671636132,0.04000001321090694]
["IE00B523L313_IE00B50W2R13_IE00B9M1BB17",0.04912078214690143,0.7280084108062365,0.04000061223832768]
["IE00B50MZ724_GB00BD3RZ582_IE00B3X1NT05",0.08675322370328477,0.5335386564544676,0.12511412790008686]
["GB00B3X7QG63_IE00B50MZ948_IE00B9M1BB17",0.02914453541820903,0.22861336888558248,0.040000002899155604]
["GB00BD3RZ368_IE00BDFB7639_IE00B9M1BB17",0.031038743575864954,0.2759659710601553,0.040000379515845154]
["GB00B45Q9038_IE00B50W2R13_IE00B1S75374",0.0360316282442443,0.40079070608183615,0.04000000000242235]
["IE00B50MZ724_GB00B5B71H80_IE00BDFB7639",0.03640778551292514,0.4101946344905976,0.04000000032497069]
["GB00B5B71H80_IE00B50MZ948_IE00BDFB7639",0.029737379646885675,0.24343446297049168,0.04000000463396182]
["GB00BD3RZ368_GB00B3X7QG63_IE00BH65QH62",0.020525697496681736,0.013142437245458997,0.040000000522230086]
["GB00B3X7QG63_IE00B523L313_IE00B50W2R13",0.05020086471815961,0.7550214202135397,0.04000001047601805]
["GB00BD3RZ368_GB00B3X7QG63_IE00BFRTDB69",0.02755089791708043,0.18877244490202857,0.040000000640979604]
["IE00B3X1NT05_GB00B4M89245_IE00B50W2R13",0.04539286153929571,0.6348215384625218,0.04000000000125207]
["IE00B50MZ724_IE00B50MZ948_IE00BDFB7639",0.03665852447510407,0.4164628228308315,0.04000002776207185]
["GB00BD3RZ368_GB00B5B71H80_IE00B1S74Q32",0.04279369744902461,0.42139187738006467,0.05409144948578674]
["IE00B523L313_GB00B45Q9038_IE00BDFB7639",0.04889121903924187,0.7222799712568849,0.04000002795171856]
["IE00B50MZ724_GB00BD3RZ368_IE00BFRTDB69",0.031434520805778784,0.28586286078498424,0.04000002229873233]
["GB00B3X7QG63_IE00B50MZ948_GB00B4M89245",0.05147747157259411,0.4462764810592619,0.07053356586903389]
["GB00BD3RZ582_GB00B3X7QG63_IE00B50MZ948",0.05621729721600597,0.3526766232601969,0.1026926505114167]
["GB00BD3RZ582_IE00B3X1NT05_GB00B45Q9038",0.07780176710724247,0.6368390180188083,0.0907635453729931]
["GB00BD3RZ582_IE00B3X1NT05_IE00B523L313",0.09720228568433174,0.6733233705116427,0.11465855644616572]
["IE00B523L313_GB00B5B71Q71_IE00BH65QH62",0.04075709360260581,0.5189272440615987,0.04000000740015465]
["IE00B50MZ724_GB00B3X7QG63_IE00B50W2R13",0.04163658053840333,0.5409144358913145,0.040000005736121176]
["GB00B3X7QG63_IE00B50MZ948_IE00B523L313",0.06281380420198544,0.42272360845805534,0.1012808448483748]
["GB00BD3RZ368_IE00B50MZ948_GB00B45Q9038",0.05575528876416626,0.44120582613740017,0.08103992886311377]
["IE00B3X1NT05_IE00BH65QH62_IE00B1S74Q32",0.035053205790119,0.37633014310629076,0.0400000001750255]
["GB00B5B71Q71_IE00B50W2R13_IE00BDFB7639",0.05241290641614408,0.821546151851884,0.03945354298487151]
["IE00B50MZ724_GB00B4M89245_IE00BFRTDB69",0.0316662242286224,0.291655488977045,0.04000001601046706]
["GB00BD3RZ368_IE00B523L313_GB00B5B71Q71",0.08257910728094342,0.5921291848158726,0.10568488918579971]
["GB00BD3RZ368_IE00B3X1NT05_IE00B1S75374",0.04011803753764321,0.3690882850136777,0.054507385778710574]
["IE00B50MZ948_IE00B50W2R13_IE00B1S75374",0.03157514843454129,0.2893784418598732,0.04000003718364883]
["IE00B3X1NT05_IE00B1S74Q32_IE00B9M1BB17",0.03946693599454221,0.4866733815601637,0.04000000150436758]
["IE00B3X1NT05_GB00B45Q9038_IE00BDFB7639",0.04457430026430899,0.614357075730414,0.040000028053868195]
["GB00BD3RZ582_GB00B45Q9038_IE00BFRTDB69",0.04163869930596772,0.5409674798153227,0.0400000002095409]
["GB00BD3RZ582_GB00B5B71Q71_IE00BH65QH62",0.033863452060357256,0.34658630150879444,0.04000000000001581]
["GB00B5B71H80_IE00B3X1NT05_IE00B1S75374",0.038425671677722824,0.3242702029418048,0.056821969797297686]
["IE00B50MZ948_IE00B50W2R13_IE00B9M1BB17",0.026430310899353056,0.3054299121144348,0.021053310904741458]
["GB00BD3RZ582_GB00B45Q9038_IE00B9M1BB17",0.04210764800022106,0.5526909353027725,0.040000019157379794]
["IE00B3X1NT05_IE00B50W2R13_IE00B1S75374",0.043024134925885804,0.5756033333217401,0.04000000276755902]
["IE00B50MZ724_GB00B45Q9038_IE00BH65QH62",0.028908703498090178,0.22271758492468857,0.04000000045394994]
["IE00B523L313_IE00BH65QH62_IE00BDFB7639",0.043656587728426205,0.591414654075739,0.040000002646868205]
["GB00B5B71H80_GB00BD3RZ582_GB00B4M89245",0.057122603598770194,0.48582532255253785,0.07641142170961189]
["IE00B523L313_GB00B4M89245_IE00B1S74Q32",0.05133167250060974,0.5490208495466774,0.057068274413403564]
["GB00B5B71H80_GB00B5B71Q71_GB00B4M89245",0.05719397008406037,0.4830973432417307,0.07699063264243489]
["GB00B3X7QG63_GB00B4M89245_IE00B1S74Q32",0.04435712208033482,0.4501381822507708,0.054110322209382215]
["GB00B3X7QG63_IE00B3X1NT05_IE00B1S75374",0.04039329436015351,0.3804969796234616,0.053596468440655264]
["IE00B50MZ724_IE00B523L313_IE00BH65QH62",0.034352721128866635,0.3588180275314037,0.04000000007694844]
["IE00B3X1NT05_IE00BDFB7639_IE00B9M1BB17",0.038231178154528235,0.4557794219773995,0.04000000279835419]
["GB00BD3RZ368_GB00BD3RZ582_IE00B1S75374",0.04100170788692169,0.3854144308550413,0.054491233865658406]
["IE00BH65QH62_IE00B1S75374_IE00B9M1BB17",0.023483281683517657,0.09636235153137158,0.03614774471733024]
["IE00B50MZ724_IE00BH65QH62_IE00B9M1BB17",0.029517393827963437,0.23793484569902365,0.040000000000010465]
["GB00BD3RZ582_IE00BFRTDB69_IE00B1S74Q32",0.042548289596886266,0.5637072331763113,0.040000000478677224]
["IE00B50MZ724_GB00B5B71H80_IE00B9M1BB17",0.03212143539470405,0.3030358785671275,0.04000000083164724]
["GB00B5B71Q71_GB00B45Q9038_IE00BDFB7639",0.05314404325411549,0.828601079191731,0.04000000010432795]
["GB00BD3RZ368_GB00B3X7QG63_IE00B9M1BB17",0.02957913072156836,0.23947826796168734,0.04000000001294842]
["GB00B4M89245_IE00BFRTDB69_IE00B9M1BB17",0.027877799331736466,0.1969449816849346,0.04000000032668556]
["GB00B5B71H80_IE00BH65QH62_IE00B1S74Q32",0.029552997240011463,0.2388249305080983,0.04000000008243499]
["GB00BD3RZ368_IE00B1S75374_IE00B9M1BB17",0.033151535960019386,0.328788398988601,0.04000000000144575]
["GB00B5B71H80_IE00B50MZ948_IE00B1S75374",0.03619795992370646,0.28474871724270134,0.05688510234762663]
["IE00B50MZ948_IE00B50W2R13_IE00BDFB7639",0.027108416104919337,0.37500008230498744,0.018955772119372667]
["GB00BD3RZ368_GB00BD3RZ582_GB00B5B71Q71",0.06960788571002076,0.4465926795695162,0.11108083042883563]
["IE00B50MZ948_IE00BDFB7639_IE00BFRTDB69",0.022621213065068636,0.06553032661651242,0.040000000006228234]
["GB00B5B71H80_IE00B50W2R13_IE00B1S74Q32",0.03711434494902066,0.4513902558005311,0.037914741687697116]
["IE00B50MZ724_GB00BD3RZ368_GB00B5B71H80",0.05994302125339049,0.3492519629351974,0.11436734934200438]
["GB00BD3RZ368_IE00B3X1NT05_IE00BFRTDB69",0.03455354677182735,0.3638386617088365,0.040000000834089174]
["GB00B5B71H80_IE00B3X1NT05_IE00B50MZ948",0.05007161214941325,0.27037782081573974,0.11122070611667073]
["IE00B50MZ724_GB00B3X7QG63_IE00BH65QH62",0.025001010559368188,0.12502526215615167,0.040000000584858766]
["GB00B5B71Q71_IE00BH65QH62_IE00BDFB7639",0.04531702054213335,0.6329253567233464,0.04000000991143652]
["IE00B50MZ724_GB00B5B71H80_IE00BH65QH62",0.02275637579066068,0.06890939466284075,0.040000000060181215]
["GB00B3X7QG63_IE00B50MZ948_IE00BDFB7639",0.03246505559335172,0.3116262326988772,0.04000002016966473]
["GB00BD3RZ368_GB00BD3RZ582_IE00BDFB7639",0.04289234068021938,0.5723085122570865,0.04000000033187681]
["GB00BD3RZ368_IE00B1S74Q32_IE00B1S75374",0.04015300218260673,0.40754030442312356,0.04945032911808185]
["GB00BD3RZ582_IE00BDFB7639_IE00B9M1BB17",0.04251665714992849,0.5629164284936872,0.04000000001808617]
["IE00B50MZ724_IE00B3X1NT05_IE00BFRTDB69",0.03569745791525994,0.39243636327702014,0.04000000862351059]
["GB00B5B71Q71_GB00B4M89245_IE00BDFB7639",0.051764605120308366,0.7941151273155868,0.040000000034862565]
["GB00B5B71H80_GB00B5B71Q71_IE00BH65QH62",0.03379619322553866,0.3449048306158046,0.04000000000262818]
["IE00B3X1NT05_GB00B5B71Q71_IE00BFRTDB69",0.04283412833553278,0.5708532069273861,0.04000000010236841]
["GB00BD3RZ368_GB00B5B71Q71_IE00B1S74Q32",0.04696797424468975,0.5023086913516568,0.0536880502149424]
["GB00B5B71Q71_IE00B50W2R13_IE00B1S75374",0.05208708099792427,0.8021770228493779,0.04000000010465166]
["GB00BD3RZ582_IE00BH65QH62_IE00B9M1BB17",0.03588146183549635,0.3970362760648291,0.0400000271836702]
["GB00BD3RZ368_GB00B5B71Q71_IE00BFRTDB69",0.04348963210194235,0.587240801951553,0.04000000004066514]
["IE00B50MZ724_GB00B5B71H80_IE00B1S75374",0.03631717205426286,0.2858353656280486,0.057085910340066326]
["IE00B3X1NT05_GB00B5B71Q71_IE00B1S74Q32",0.04707832614965836,0.4751080998537759,0.056994031796116]
["GB00B45Q9038_IE00BDFB7639_IE00B1S75374",0.03317327140877371,0.32933178519785683,0.04000000000260963]
["GB00BD3RZ582_IE00BDFB7639_IE00BFRTDB69",0.04256388838614847,0.5640972096375273,0.04000000000114763]
["IE00B50MZ724_GB00B5B71Q71_IE00BFRTDB69",0.04385102165537528,0.5962755389432528,0.040000000163758466]
["IE00B523L313_GB00B4M89245_IE00B9M1BB17",0.04401532710854561,0.6003831776941988,0.04000000000129527]
["GB00B4M89245_IE00BH65QH62_IE00B1S74Q32",0.02626335173472502,0.1565837933187918,0.04000000001260251]
["GB00B5B71H80_GB00B4M89245_IE00B50W2R13",0.03872290263924963,0.4680724471170278,0.040000010157762]
["GB00BD3RZ368_GB00B45Q9038_IE00B9M1BB17",0.03596787453602756,0.39919680010303155,0.04000000634250148]
["GB00B5B71H80_IE00B1S74Q32_IE00B1S75374",0.03880085184485166,0.3684932997807281,0.05102087841499182]
["IE00B50MZ724_GB00BD3RZ582_IE00B1S75374",0.04621045845209079,0.4390173018744104,0.05970256374904516]
["GB00BD3RZ582_GB00B45Q9038_IE00B1S74Q32",0.049850143601300745,0.5297433101007634,0.056348316311201546]
["GB00B5B71Q71_IE00BH65QH62_IE00B1S74Q32",0.042623532680868784,0.5655883162890387,0.04000000005181726]
["IE00B1S74Q32_IE00B1S75374_IE00B9M1BB17",0.030931510904056887,0.27328777241024216,0.04000000002798223]
["IE00B50MZ724_GB00B45Q9038_IE00B1S74Q32",0.045058902840044435,0.42749837275829294,0.05861753970748494]
["IE00B50MZ724_IE00BDFB7639_IE00BFRTDB69",0.035069742656404855,0.37674352302609104,0.04000000460621379]
["GB00BD3RZ582_IE00B50MZ948_GB00B4M89245",0.06591462832160756,0.5696158523985935,0.08060630357857107]
["GB00BD3RZ582_IE00BH65QH62_IE00BDFB7639",0.04001349869077548,0.5003373996088611,0.04000000540919195]
["IE00B3X1NT05_IE00B523L313_IE00BFRTDB69",0.042066155498264604,0.5516536904183779,0.040000014287096465]
["IE00B523L313_IE00BH65QH62_IE00B1S74Q32",0.040984418452250516,0.5246104605461158,0.04000000005795897]
["IE00B50MZ724_IE00B3X1NT05_IE00B50MZ948",0.06628018410556234,0.3861648129439631,0.11984567872132389]
["IE00B523L313_IE00B50W2R13_IE00BH65QH62",0.04690762148595535,0.6726904590131089,0.04000000464616519]
["GB00B5B71H80_IE00BH65QH62_IE00B1S75374",0.025911845275025817,0.14779613180679346,0.0400000000186343]
["IE00B50MZ724_IE00BH65QH62_IE00B1S75374",0.028032364451751574,0.20080897728199576,0.04000002669438297]
["GB00B3X7QG63_GB00B5B71Q71_IE00BH65QH62",0.03497809026489125,0.3744521478811845,0.04000001161602062]
["IE00B50MZ724_IE00B3X1NT05_IE00B50W2R13",0.04479096601803548,0.6197740527619896,0.04000000630480717]
["GB00B5B71H80_IE00B3X1NT05_GB00B4M89245",0.05454711597398925,0.45087364519558487,0.07662261110649532]
["GB00B5B71H80_IE00B3X1NT05_IE00B1S74Q32",0.0434469176192822,0.4238070717294781,0.05532450773791874]
["IE00B50MZ724_IE00BFRTDB69_IE00B9M1BB17",0.03286392427934821,0.3215979761338903,0.040000016274955016]
["GB00BD3RZ368_GB00B45Q9038_IE00B1S75374",0.03826479924486095,0.33303082887447466,0.05484416955207857]
["IE00B50MZ724_GB00B3X7QG63_GB00B5B71Q71",0.07149931234934839,0.46588077130255673,0.11054182855703915]
["IE00B3X1NT05_IE00B523L313_IE00B50W2R13",0.05137030257003557,0.7842574463261297,0.04000000601459431]
["GB00B5B71H80_GB00BD3RZ582_IE00BFRTDB69",0.038089266666866815,0.4522314208097097,0.04000002174656155]
["GB00B45Q9038_GB00B4M89245_IE00BFRTDB69",0.023936032689993128,0.09840080873486509,0.04000000346133867]
["IE00B50MZ948_GB00B5B71Q71_IE00B1S74Q32",0.05070153781294448,0.5307832312795373,0.05784195129701732]
["GB00B45Q9038_GB00B4M89245_IE00B9M1BB17",0.031216783710676967,0.2804195537819228,0.040000005560953344]
["GB00B5B71H80_GB00B4M89245_IE00B1S74Q32",0.042172064856255576,0.4003735909624608,0.05537843992895735]
["GB00B3X7QG63_IE00B3X1NT05_IE00B50MZ948",0.053449474939358255,0.32628759592800843,0.10251531273882225]
["IE00B50MZ948_GB00B5B71Q71_IE00BFRTDB69",0.043679521723138465,0.5919880427987239,0.04000000001890158]
["GB00B3X7QG63_IE00B1S74Q32_IE00B9M1BB17",0.035921353918130366,0.39803384783654894,0.040000000011728674]
["GB00BD3RZ368_IE00B1S74Q32_IE00B9M1BB17",0.035637284030323735,0.39093210069837986,0.040000000006109857]
["IE00B3X1NT05_IE00B50MZ948_IE00B50W2R13",0.04320589010000725,0.5801469929767469,0.04000001789363299]
["GB00BD3RZ368_IE00B3X1NT05_GB00B4M89245",0.05579930674262264,0.49410229901655234,0.07245322843847639]
["GB00B4M89245_IE00B50W2R13_IE00BDFB7639",0.033305675668469745,0.37936260717266607,0.03507376693669151]
["GB00B3X7QG63_IE00B50W2R13_IE00B1S75374",0.03767061614170881,0.44785932682845114,0.039455728804052334]
["GB00BD3RZ582_IE00B523L313_IE00BFRTDB69",0.04339560448175897,0.5848899734808147,0.04000000947618634]
["IE00B50MZ948_IE00B523L313_GB00B5B71Q71",0.09834649701869448,0.6705357079770401,0.11684164778496353]
["IE00B50MZ724_GB00B3X7QG63_IE00BFRTDB69",0.031955961729707785,0.2988990363292879,0.040000000925182876]
["IE00B50MZ724_IE00B50W2R13_IE00B1S74Q32",0.04256580160793666,0.5641450399271157,0.04000000001923624]
["IE00B50MZ724_IE00B3X1NT05_IE00BDFB7639",0.04066737170599116,0.5166842926476509,0.04000000000016475]
["GB00BD3RZ368_GB00B5B71H80_IE00B1S75374",0.03812382162634615,0.3307560791052365,0.05479512780347025]
["GB00B5B71Q71_IE00B50W2R13_IE00B9M1BB17",0.0509902920282063,0.7747572974632304,0.04000000016737768]
["GB00BD3RZ368_GB00BD3RZ582_IE00B1S74Q32",0.045964750938994936,0.4842292643256537,0.05362078017972315]
["IE00B50MZ724_GB00BD3RZ368_IE00BDFB7639",0.037253260833831944,0.43133135827756697,0.04000001507594832]
["GB00B3X7QG63_IE00B523L313_IE00B1S75374",0.03901640881309513,0.3534451070591731,0.05380300486069945]
["IE00B523L313_IE00B1S75374_IE00B9M1BB17",0.042966158847178595,0.5741539704886529,0.040000000048127295]
["IE00B50MZ724_GB00BD3RZ582_IE00B523L313",0.0987459894789145,0.685566637299358,0.11486263361519071]
["IE00B50MZ724_GB00B45Q9038_GB00B4M89245",0.060822009580280764,0.45400114692628646,0.08991609350913995]
["GB00BD3RZ582_IE00B3X1NT05_IE00BH65QH62",0.030129240174988078,0.2532310042189549,0.04000000002460157]
["GB00BD3RZ582_GB00B3X7QG63_GB00B4M89245",0.05780951795373647,0.5338889203662329,0.07081907211672456]
["GB00BD3RZ368_GB00BD3RZ582_IE00BH65QH62",0.030036807084557648,0.250920174452792,0.040000000424222436]
["IE00B50MZ724_IE00B1S75374_IE00B9M1BB17",0.03459635990855828,0.36490899240702523,0.0400000005817266]
["GB00B3X7QG63_GB00B45Q9038_IE00B9M1BB17",0.036890953355695165,0.4222738338902297,0.0400000000002036]
["GB00BD3RZ582_IE00BH65QH62_IE00B1S75374",0.03552241034221076,0.3880602566712602,0.04000000019419754]
["IE00B50MZ948_IE00B50W2R13_IE00BFRTDB69",0.026228945534336932,0.1557236383066162,0.040000000013307446]
["GB00BD3RZ582_IE00B523L313_IE00B50W2R13",0.052457822345268815,0.8114455051203315,0.04000000263783031]
["IE00B50MZ724_GB00B3X7QG63_IE00B50MZ948",0.050007312252577964,0.2887427875378675,0.10392402355207789]
["IE00B50MZ948_GB00B45Q9038_IE00B1S74Q32",0.039880368418055985,0.32919149320781,0.06039150108142687]
["IE00B50MZ724_GB00B45Q9038_IE00B1S75374",0.039875940221743296,0.31219322615514256,0.06366550762977179]
["IE00B50MZ724_GB00B3X7QG63_IE00B523L313",0.07651067888066974,0.5366471987322159,0.10530322158425776]
["GB00BD3RZ368_GB00B5B71Q71_IE00B50W2R13",0.05243618543243442,0.8109039966003225,0.04000003153076273]
["GB00B45Q9038_IE00BH65QH62_IE00B1S75374",0.021432447027767983,0.0358111677041559,0.04000000892463907]
["IE00B50MZ724_GB00B5B71H80_IE00B3X1NT05",0.06499948061041529,0.3738292105111879,0.12037443662810973]
["GB00BD3RZ368_IE00B523L313_IE00BFRTDB69",0.03994853005578585,0.49871324390367555,0.040000000600823885]
["GB00B5B71H80_IE00B3X1NT05_IE00BDFB7639",0.038598843385141,0.46497105046544707,0.04000000293894237]
["GB00B5B71H80_IE00BDFB7639_IE00BFRTDB69",0.027797486148521636,0.19493715370056464,0.04000000000256006]
["GB00BD3RZ368_GB00B3X7QG63_IE00B1S74Q32",0.04314290921467053,0.42877189985189684,0.053974873872715025]
["GB00BD3RZ368_IE00B50W2R13_IE00BDFB7639",0.030814072831006654,0.4491757122795108,0.024075373034144212]
["GB00B3X7QG63_IE00B3X1NT05_IE00BDFB7639",0.03909494477774824,0.47737361851649096,0.040000000077693026]
["GB00B5B71H80_GB00B3X7QG63_IE00B50W2R13",0.03678034429320262,0.4195085593888586,0.04000000457117795]
["GB00B5B71H80_IE00B523L313_IE00B1S75374",0.037190794108087066,0.30122824405426835,0.05706899816801384]
["GB00B5B71H80_IE00B50MZ948_GB00B45Q9038",0.05412600691267229,0.39909192545341626,0.08550913896316256]
["GB00B3X7QG63_IE00B50W2R13_IE00BFRTDB69",0.03341291019672883,0.3490521120124919,0.03842666964366859]
["GB00B4M89245_IE00B1S74Q32_IE00B9M1BB17",0.03256386506004898,0.314096492737931,0.040000017034675206]
["IE00B3X1NT05_GB00B45Q9038_IE00B9M1BB17",0.03950942276880311,0.4877355647390834,0.040000000367493745]
["IE00B50MZ948_IE00B1S74Q32_IE00B1S75374",0.03733706192865067,0.3075663822620407,0.05636852051626313]
["IE00B50MZ948_GB00B4M89245_IE00B1S74Q32",0.04005295707267765,0.3321211894766527,0.06037843325888522]
["GB00BD3RZ582_GB00B45Q9038_IE00B50W2R13",0.05010182346615723,0.7525455620804617,0.04000000130615182]
["GB00BD3RZ582_GB00B5B71Q71_GB00B45Q9038",0.08017198586258911,0.6581843318952756,0.09142117632809761]
["GB00B5B71H80_IE00B523L313_GB00B5B71Q71",0.08556494996224111,0.5831821864478978,0.11242618770917956]
["GB00B5B71Q71_GB00B4M89245_IE00B50W2R13",0.05393253520264929,0.8483133786404841,0.040000000067227426]
["GB00BD3RZ368_IE00B50MZ948_IE00B523L313",0.06050840963584732,0.3982518000602091,0.1017155719816536]
["GB00B5B71Q71_IE00B50W2R13_IE00B1S74Q32",0.053665369239413306,0.8416342236701241,0.04000000034766688]
["GB00B5B71Q71_GB00B45Q9038_IE00BH65QH62",0.04038253315890466,0.5095632515823284,0.04000000607502898]
["GB00BD3RZ582_GB00B45Q9038_IE00B1S75374",0.04621045909833398,0.4390173126940196,0.05970256374969384]
["GB00B45Q9038_GB00B4M89245_IE00B50W2R13",0.03809612896543348,0.45240322177114706,0.04000000020907809]
["GB00BD3RZ582_IE00B523L313_GB00B5B71Q71",0.09874599105782746,0.6855666510455879,0.11486263361516852]
["IE00B50MZ724_IE00B50MZ948_GB00B45Q9038",0.06495624627233008,0.4500693329981071,0.09988737951296753]
["GB00BD3RZ582_GB00B3X7QG63_GB00B5B71Q71",0.06981612422711386,0.45458586151673486,0.10958573163912613]
["IE00B3X1NT05_IE00BH65QH62_IE00B1S75374",0.03195329938600496,0.2988324799956428,0.040000000623022135]
["IE00B3X1NT05_IE00B1S75374_IE00B9M1BB17",0.037219137033997436,0.4304784166224043,0.040000000857421066]
["IE00B50MZ724_GB00B4M89245_IE00BDFB7639",0.03989606997123333,0.4974017152514181,0.04000000273657401]
["IE00B50MZ948_IE00BFRTDB69_IE00B1S74Q32",0.027668267054433204,0.19170666507085163,0.04000000235567782]
["IE00B3X1NT05_GB00B45Q9038_IE00B1S74Q32",0.04729827899011947,0.47919912441819507,0.056966462581213684]
["IE00B50MZ724_IE00B3X1NT05_GB00B45Q9038",0.07403438455428321,0.5905212780534236,0.09150285783503097]
["IE00B50MZ724_GB00BD3RZ582_IE00B50MZ948",0.07592432093365889,0.464666825130484,0.12035359080768175]
["IE00B523L313_IE00B50W2R13_IE00BFRTDB69",0.04794897539782358,0.6987243791720735,0.0400000003305175]
["IE00BFRTDB69_IE00B1S74Q32_IE00B1S75374",0.027393692822635138,0.1848422431595459,0.040000016750788396]
["GB00B5B71H80_GB00B3X7QG63_IE00B523L313",0.07651118453819647,0.5366520004673321,0.10530322162031426]
["GB00B3X7QG63_IE00BH65QH62_IE00B1S75374",0.029777496375568584,0.24443725302422364,0.040000025587751294]
["IE00B3X1NT05_GB00B5B71Q71_IE00BDFB7639",0.04915381178165801,0.7288452941896092,0.0400000000193095]
["GB00BD3RZ368_IE00BFRTDB69_IE00B9M1BB17",0.02847508280799841,0.21187649448556464,0.04000010868867677]
["GB00B3X7QG63_IE00B50W2R13_IE00B1S74Q32",0.039435425683600214,0.4959023638149435,0.03919204081643167]
["IE00B50MZ724_GB00B4M89245_IE00B1S74Q32",0.045158505724425604,0.4292384394664576,0.05861195878844767]
["GB00B3X7QG63_IE00B50MZ948_IE00BH65QH62",0.020729592964466397,0.018239822648825937,0.04000000320800045]
["GB00BD3RZ368_GB00B45Q9038_GB00B4M89245",0.052298655170229955,0.43788320836568956,0.07376089001169546]
["GB00B45Q9038_IE00BH65QH62_IE00BFRTDB69",0.02375428015291012,0.09385698239994357,0.040000009129980064]
["GB00B4M89245_IE00BH65QH62_IE00BDFB7639",0.028871538248699664,0.22178845267627548,0.04000000063866555]
["GB00B5B71Q71_GB00B45Q9038_IE00B1S75374",0.04895143467187531,0.465527897222213,0.06219054721452227]
["IE00B50MZ724_IE00B523L313_GB00B4M89245",0.0708297121461399,0.590961976510014,0.08601181491628264]
["IE00B50MZ724_GB00BD3RZ582_IE00BDFB7639",0.04378254092877775,0.5945634120775332,0.04000000747721157]
["GB00BD3RZ582_IE00BDFB7639_IE00B1S75374",0.04441485544905407,0.6103709334592089,0.04000002967160577]
["IE00B523L313_GB00B45Q9038_GB00B4M89245",0.07308502685194856,0.6132798886615887,0.08655921681664859]
["GB00B5B71H80_GB00B5B71Q71_GB00B45Q9038",0.06732212515355834,0.5402677034879665,0.08759014253128007]
["GB00B4M89245_IE00B1S75374_IE00B9M1BB17",0.028427621228431454,0.21069053068610666,0.04000000000468549]
["GB00BD3RZ368_IE00B50W2R13_IE00B1S75374",0.03696806213694322,0.42737123819300904,0.03970333195253564]
["GB00BD3RZ582_IE00B50W2R13_IE00BDFB7639",0.04155566365313347,0.6928317463407819,0.0311124075462485]
["GB00B5B71Q71_IE00BH65QH62_IE00B9M1BB17",0.04051922723814453,0.5129806678504223,0.040000001021729806]
["GB00BD3RZ368_IE00B50MZ948_IE00BH65QH62",0.019904127922242748,-0.002396801658621372,0.040000004761511]
["GB00B5B71H80_GB00B45Q9038_IE00B50W2R13",0.040851535592845795,0.5212883880881819,0.040000000132975375]
["GB00BD3RZ368_GB00B45Q9038_IE00B50W2R13",0.04214577702646084,0.5536433426165024,0.04000007824857162]
["IE00B3X1NT05_IE00B50MZ948_IE00BH65QH62",0.0253711403001824,0.13427846535038693,0.04000001255724005]
["GB00BD3RZ582_GB00B3X7QG63_IE00B3X1NT05",0.06981510937678502,0.45457660111421644,0.10958573154597662]
["IE00B50MZ724_GB00BD3RZ368_IE00B523L313",0.07647623791114397,0.5292504133315113,0.10670986075502303]
["GB00BD3RZ368_GB00B45Q9038_IE00BDFB7639",0.039509756308756215,0.4877433474659642,0.040000045946536764]
["GB00BD3RZ582_GB00B3X7QG63_IE00BFRTDB69",0.038290397243983476,0.45725992996958903,0.0400000000988495]
["GB00B45Q9038_IE00BH65QH62_IE00B1S74Q32",0.027703521595075328,0.19258803273746256,0.04000000148283785]
["IE00B523L313_GB00B45Q9038_IE00B1S75374",0.046491096233218454,0.42070583454462473,0.06296821688221325]
["GB00BD3RZ368_GB00B5B71Q71_IE00B9M1BB17",0.04169008588261189,0.542252055182234,0.040000006777885844]
["GB00B5B71Q71_GB00B4M89245_IE00BFRTDB69",0.044568961553071246,0.6142237889483846,0.040000016272791844]
["IE00B50MZ948_GB00B5B71Q71_GB00B45Q9038",0.08082715145774858,0.6318065932914851,0.0962749551897852]
["GB00B3X7QG63_IE00B523L313_GB00B45Q9038",0.06622361993291644,0.5730426077715367,0.08066349570876077]
["GB00B5B71H80_IE00B523L313_IE00BH65QH62",0.03378224145718796,0.344555963446962,0.04000000847267146]
["IE00B50MZ724_GB00B5B71Q71_GB00B4M89245",0.07376044581792113,0.6312572187200493,0.08516408877973224]
["GB00B5B71H80_IE00B1S74Q32_IE00B9M1BB17",0.03381334154742259,0.34533353825106006,0.0400000000503287]
["GB00B5B71Q71_GB00B4M89245_IE00B1S74Q32",0.05243472454006989,0.5595480428822764,0.05796593331467311]
["IE00B3X1NT05_GB00B4M89245_IE00B1S74Q32",0.04732247282721665,0.4801278685372293,0.056906658866643256]
["GB00BD3RZ582_IE00B50W2R13_IE00BH65QH62",0.043379923577067464,0.5844979541343084,0.040000009258706705]
["GB00BD3RZ582_IE00B523L313_GB00B4M89245",0.07189997255422498,0.6489418290052832,0.07997630948490214]
["IE00B3X1NT05_GB00B45Q9038_IE00BFRTDB69",0.038797177384363564,0.4699294339858925,0.04000000005304597]
["GB00B5B71H80_GB00B5B71Q71_IE00B9M1BB17",0.041348453043968225,0.5337113259876247,0.04000000000836264]
["GB00BD3RZ368_IE00B3X1NT05_IE00B9M1BB17",0.03419301959106926,0.3548254870178171,0.04000000031101649]
["GB00B5B71H80_IE00B50W2R13_IE00B9M1BB17",0.029184134486824907,0.36507629676079484,0.025156753720558672]
["IE00B50W2R13_IE00B1S74Q32_IE00B9M1BB17",0.03048373962610658,0.3787686436239926,0.02767847814908853]
["GB00B5B71H80_GB00BD3RZ582_GB00B3X7QG63",0.06981594885653486,0.4545842613039666,0.10958573161692559]
["IE00B50MZ948_GB00B45Q9038_IE00BH65QH62",0.021903691962796023,0.047592294059194275,0.040000004211359325]
["GB00B5B71Q71_IE00BDFB7639_IE00B9M1BB17",0.04822781700245546,0.705695360404187,0.04000000366487882]
["IE00B50MZ724_IE00BH65QH62_IE00BFRTDB69",0.02782690737932124,0.19567268448285305,0.04000000000003637]
["IE00B50MZ724_GB00B3X7QG63_IE00B1S74Q32",0.04414080536028577,0.44373397199753684,0.0544037799306017]
["IE00B50W2R13_IE00BFRTDB69_IE00B1S75374",0.0278053533208693,0.2296649992917132,0.033985819976666054]
["GB00BD3RZ368_GB00B5B71H80_IE00B523L313",0.07647627469037574,0.5292507579836819,0.1067098607577564]
["IE00B3X1NT05_IE00B50W2R13_IE00BFRTDB69",0.04079567227710463,0.5198818232404467,0.040000768150508265]
["GB00BD3RZ582_IE00B50MZ948_IE00BH65QH62",0.0303624193457276,0.25906048283843514,0.04000000012425745]
["GB00B3X7QG63_IE00B3X1NT05_IE00BH65QH62",0.0265933850274021,0.16483462566583107,0.0400000000046644]
["IE00B50W2R13_IE00BDFB7639_IE00B9M1BB17",0.025180863107961953,0.33756344121023807,0.015347820514530352]
["GB00B45Q9038_IE00BFRTDB69_IE00B1S74Q32",0.029181661808929518,0.2295415446615635,0.04000000009787761]
["GB00B4M89245_IE00BH65QH62_IE00BFRTDB69",0.02163720103770146,0.04093002034427031,0.04000000547106118]
["IE00B50W2R13_IE00B1S75374_IE00B9M1BB17",0.027694036146159742,0.28722834297322997,0.026787175898155827]
["GB00BD3RZ368_GB00B5B71H80_IE00B50W2R13",0.036244570697715785,0.4061142207554156,0.040000004598457935]
["IE00B50MZ724_GB00B3X7QG63_IE00B3X1NT05",0.06483008108846558,0.4081510260487613,0.10983699225861993]
["IE00B50MZ724_GB00B5B71Q71_IE00B50W2R13",0.05331495977217925,0.8328739942725613,0.04000000000153301]
["GB00BD3RZ368_IE00B50MZ948_IE00B1S75374",0.03808016023071675,0.33143694592262296,0.05455082920941993]
["GB00BD3RZ368_IE00B3X1NT05_IE00B1S74Q32",0.04452799712508709,0.45569027644557997,0.05382602700326942]
["IE00B50MZ724_GB00BD3RZ582_IE00BH65QH62",0.030572357933746405,0.2643089471350824,0.04000000018290379]
["GB00B5B71H80_IE00B3X1NT05_IE00BFRTDB69",0.03385412610128089,0.34635314595545486,0.040000000759521606]
["GB00BD3RZ582_GB00B3X7QG63_IE00B1S75374",0.04109373586743785,0.3936656315837085,0.053582873827664856]
["IE00B50MZ724_GB00B5B71H80_IE00B50MZ948",0.044458077557082205,0.216768856265944,0.11283021914862015]
["GB00B5B71H80_GB00BD3RZ582_IE00B50W2R13",0.04749951207973721,0.6874877851085849,0.04000000098240846]
["IE00BDFB7639_IE00B1S74Q32_IE00B1S75374",0.032204251047629695,0.3123410699083951,0.03907347519558992]
["IE00B523L313_GB00B5B71Q71_GB00B45Q9038",0.09411352819709988,0.800180675509159,0.09262099231519315]
["IE00B50MZ724_GB00B5B71H80_GB00B5B71Q71",0.06960540714929227,0.40567350614017705,0.12227913925478667]
["GB00BD3RZ582_IE00B523L313_IE00B1S74Q32",0.052137912626778644,0.5767901753872193,0.0557185506934187]
["IE00B50MZ724_IE00BH65QH62_IE00BDFB7639",0.0328637657227414,0.3215919268349004,0.04000027565786944]
["GB00B3X7QG63_IE00B50MZ948_GB00B5B71Q71",0.056910293109371304,0.35774278034125506,0.10317550804005643]
["IE00B50MZ724_GB00BD3RZ368_GB00B4M89245",0.053364818621996934,0.4534186581801816,0.073585014687989]
["GB00BD3RZ582_GB00B4M89245_IE00BDFB7639",0.046386129259280845,0.6596532312559685,0.040000000013707356]
["GB00BD3RZ582_IE00B50MZ948_IE00BFRTDB69",0.03916503291227019,0.4791258227800022,0.04000000000223345]
["GB00B5B71H80_GB00BD3RZ582_IE00B50MZ948",0.05305858090359933,0.2962545868715213,0.11158841877420808]
["GB00BD3RZ582_GB00B4M89245_IE00B1S75374",0.0462104591470485,0.4390173135075224,0.05970256375002713]
["IE00BFRTDB69_IE00B1S75374_IE00B9M1BB17",0.023979949421967142,0.11140693025847534,0.035724433055764636]
["GB00BD3RZ368_IE00B50MZ948_GB00B5B71Q71",0.05446813761032371,0.3335171660368654,0.10334741692580154]
["IE00B50MZ948_IE00B523L313_IE00BH65QH62",0.034946882698482236,0.373672053722492,0.04000000147076173]
